{
  "_module_info": {
    "id": "allocate",
    "name": "Allocate",
    "description": "Content module for allocate area",
    "dependencies": [],
    "tags": [],
    "factions": [],
    "node_count": 1,
    "start_count": 0
  },
  "nodes": {
    "allocate_engineering_resources": {
      "id": "allocate_engineering_resources",
      "title": "Allocate Engineering Resources",
      "text": "[This is an auto-generated placeholder for the missing 'allocate_engineering_resources' location.] This location exists in the story but its content hasn't been written yet.",
      "choices": [
        {
          "text": "Continue the story (return to a safe location)",
          "target": "tutorial_arrival_beach"
        }
      ],
      "_auto_generated": true,
      "_generation_reason": "Missing node referenced by: Node 'develop_countermeasures' choice 1"
    }
  },
  "starts": []
}
