{
  "_module_info": {
    "id": "attempt",
    "name": "Attempt",
    "description": "Content module for attempt area",
    "dependencies": [],
    "tags": [],
    "factions": [],
    "node_count": 4,
    "start_count": 0
  },
  "nodes": {
    "attempt_communication": {
      "title": "Harmonic Dialogue",
      "description": "Using the traditional crystal-singing techniques, you attempt to harmonize with the chaotic frequencies. Gradually, patterns emerge from the noise - not random disruption, but a message. The harmonics spell out coordinates, timestamps, and what appears to be... a distress call? Something or someone trapped in the Depths is crying for help.",
      "tags": [
        "Exploration",
        "Communication"
      ],
      "choices": [
        {
          "text": "'I need to follow these coordinates to find who's trapped.'",
          "target": "rescue_trapped_entity"
        },
        {
          "text": "'This distress call might be a trap - I should investigate carefully.'",
          "target": "descend_to_depths"
        },
        {
          "text": "'The timestamps suggest this connects to other crisis events.'",
          "target": "uncover_cartel_conspiracy"
        },
        {
          "text": "'I need to get help before going deeper.'",
          "target": "startways_nexus"
        }
      ]
    },
    "attempt_harmonic_repair": {
      "id": "attempt_harmonic_repair",
      "title": "Attempt Harmonic Repair",
      "text": "[This is an auto-generated placeholder for the missing 'attempt_harmonic_repair' location.] This location exists in the story but its content hasn't been written yet.",
      "choices": [
        {
          "text": "Continue the story (return to a safe location)",
          "target": "tutorial_arrival_beach"
        }
      ],
      "_auto_generated": true,
      "_generation_reason": "Missing node referenced by: Node 'identify_harmonic_sabotage' choice 1"
    },
    "attempt_system_shutdown": {
      "id": "attempt_system_shutdown",
      "title": "Attempt System Shutdown",
      "text": "[This is an auto-generated placeholder for the missing 'attempt_system_shutdown' location.] This location exists in the story but its content hasn't been written yet.",
      "choices": [
        {
          "text": "Continue the story (return to a safe location)",
          "target": "tutorial_arrival_beach"
        }
      ],
      "_auto_generated": true,
      "_generation_reason": "Missing node referenced by: Node 'locate_harmonic_controls' choice 1"
    },
    "attempt_capture": {
      "id": "attempt_capture",
      "title": "Attempt Capture",
      "text": "[This is an auto-generated placeholder for the missing 'attempt_capture' location.] This location exists in the story but its content hasn't been written yet.",
      "choices": [
        {
          "text": "Continue the story (return to a safe location)",
          "target": "tutorial_arrival_beach"
        }
      ],
      "_auto_generated": true,
      "_generation_reason": "Missing node referenced by: Node 'locate_sabotage_source' choice 2"
    }
  },
  "starts": []
}
