{
  "_module_info": {
    "id": "balance",
    "name": "Balance",
    "description": "Content module for balance area",
    "dependencies": [],
    "tags": [],
    "factions": [],
    "node_count": 1,
    "start_count": 0
  },
  "nodes": {
    "balance_speed_vs_proof": {
      "id": "balance_speed_vs_proof",
      "title": "Balance Speed Vs Proof",
      "text": "[This is an auto-generated placeholder for the missing 'balance_speed_vs_proof' location.] This location exists in the story but its content hasn't been written yet.",
      "choices": [
        {
          "text": "Continue the story (return to a safe location)",
          "target": "tutorial_arrival_beach"
        }
      ],
      "_auto_generated": true,
      "_generation_reason": "Missing node referenced by: Node 'initiate_counterintelligence' choice 1"
    }
  },
  "starts": []
}
