{
  "_module_info": {
    "id": "build",
    "name": "Build",
    "description": "Content module for build area",
    "dependencies": [],
    "tags": [],
    "factions": [],
    "node_count": 1,
    "start_count": 0
  },
  "nodes": {
    "build_wider_coalition": {
      "id": "build_wider_coalition",
      "title": "Build Wider Coalition",
      "text": "[This is an auto-generated placeholder for the missing 'build_wider_coalition' location.] This location exists in the story but its content hasn't been written yet.",
      "choices": [
        {
          "text": "Continue the story (return to a safe location)",
          "target": "tutorial_arrival_beach"
        }
      ],
      "_auto_generated": true,
      "_generation_reason": "Missing node referenced by: Node 'envision_economic_democracy' choice 1"
    }
  },
  "starts": []
}
