{
  "_module_info": {
    "id": "cloud_burrow",
    "name": "Cloud-Burrow Lofts",
    "description": "Content module for cloud_burrow area",
    "dependencies": [],
    "tags": [
      "Arbiter",
      "Cartographer",
      "Emissary",
      "Healer",
      "Resonant",
      "Scout",
      "Sneaky",
      "Storm-Conductor",
      "Weaver"
    ],
    "factions": [
      "Aeol Nests",
      "Freehands",
      "Quiet Ledger",
      "Root Assembly"
    ],
    "node_count": 21,
    "start_count": 1
  },
  "nodes": {
    "cloud_burrow_threshold": {
      "title": "Cloud-Burrow Threshold",
      "text": "Honeycombed isles hang upside-down overhead, their streets braided around burrow balconies while wind-moles scurry along inverted rails.",
      "choices": [
        {
          "text": "(Scout) Traverse the underside walkway to chart the plaza levels.",
          "condition": {
            "type": "has_tag",
            "value": "Scout"
          },
          "effects": [
            {
              "type": "set_flag",
              "flag": "cloud_plaza_scouted",
              "value": true
            }
          ],
          "target": "cloud_burrow_inverted_plaza"
        },
        {
          "text": "Accept a tethered basket up toward the burrow balconies.",
          "effects": [
            {
              "type": "set_flag",
              "flag": "balcony_intro",
              "value": true
            }
          ],
          "target": "cloud_burrow_balcony_warrens"
        },
        {
          "text": "(Resonant) Hum along the updraft and let it lift you toward the resonance wells.",
          "condition": {
            "type": "has_tag",
            "value": "Resonant"
          },
          "effects": [
            {
              "type": "set_flag",
              "flag": "resonant_welcome",
              "value": true
            }
          ],
          "target": "cloud_burrow_resonant_wells"
        },
        {
          "text": "Ride the dunes' return current back to the Saltglass Expanse.",
          "target": "saltglass_expanse"
        },
        {
          "text": "(Aeol 1+) Ride a rostered courier draft back toward the Startways Nexus.",
          "condition": {
            "type": "rep_at_least",
            "faction": "Aeol Nests",
            "value": 1
          },
          "target": "startways_nexus"
        },
        {
          "text": "Post the balcony safety concord for Aeol couriers and burrow crews.",
          "condition": [
            {
              "type": "flag_eq",
              "flag": "balcony_intro",
              "value": true
            },
            {
              "type": "flag_eq",
              "flag": "cloud_plaza_scouted",
              "value": true
            },
            {
              "type": "rep_at_least",
              "faction": "Aeol Nests",
              "value": 1
            }
          ],
          "effects": [
            {
              "type": "end_game",
              "value": "Balcony Safety Concord"
            }
          ],
          "target": "ending_balcony_safe_concord"
        },
        {
          "text": "Stay on the balconies to coordinate the cooperative glideway.",
          "condition": [
            {
              "type": "rep_at_least",
              "faction": "Aeol Nests",
              "value": 1
            },
            {
              "type": "flag_eq",
              "flag": "balcony_intro",
              "value": true
            }
          ],
          "effects": [
            {
              "type": "end_game",
              "value": "Cloud-Burrow Balcony Cooperative"
            }
          ],
          "target": "ending_cloud_cooperative"
        }
      ]
    },
    "cloud_burrow_inverted_plaza": {
      "title": "Inverted Plaza",
      "text": "Vendors hang beneath the plaza's stone belly, trading wind-tethered wares while passerby stride along upside-down streets.",
      "choices": [
        {
          "text": "(Scout) Follow the spine-walks to trace tunnel junctions.",
          "condition": {
            "type": "has_tag",
            "value": "Scout"
          },
          "effects": [
            {
              "type": "set_flag",
              "flag": "tunnel_paths_plotted",
              "value": true
            }
          ],
          "target": "cloud_burrow_tunnel_survey"
        },
        {
          "text": "(Emissary) Present guest-law seals to the aerie elders for a windbone token.",
          "condition": {
            "type": "has_tag",
            "value": "Emissary"
          },
          "effects": [
            {
              "type": "add_item",
              "value": "windbone token"
            },
            {
              "type": "set_flag",
              "flag": "windbone_token_held",
              "value": true
            },
            {
              "type": "rep_delta",
              "faction": "Aeol Nests",
              "value": 1
            }
          ],
          "target": "cloud_burrow_windbone_forum"
        },
        {
          "text": "Barter for gust sweets and gossip about burrow routes.",
          "effects": [
            {
              "type": "set_flag",
              "flag": "market_access",
              "value": true
            }
          ],
          "target": "cloud_burrow_chime_market"
        },
        {
          "text": "(Scout+Resonant) Pace the underside cadence to open an echo span.",
          "condition": {
            "type": "has_tag",
            "value": [
              "Scout",
              "Resonant"
            ]
          },
          "effects": [
            {
              "type": "set_flag",
              "flag": "cloud_echo_span",
              "value": true
            }
          ],
          "target": "cloud_burrow_echo_span"
        },
        {
          "text": "(Weaver+Storm-Conductor) Braid gust cords with plaza banners to stabilize a stormloom.",
          "condition": {
            "type": "has_tag",
            "value": [
              "Weaver",
              "Storm-Conductor"
            ]
          },
          "effects": [
            {
              "type": "set_flag",
              "flag": "cloud_stormloom_ready",
              "value": true
            }
          ],
          "target": "cloud_burrow_stormloom"
        },
        {
          "text": "(Sneaky+Cartographer) Trace the inverted relief lines to a hidden map cache.",
          "condition": {
            "type": "has_tag",
            "value": [
              "Sneaky",
              "Cartographer"
            ]
          },
          "effects": [
            {
              "type": "set_flag",
              "flag": "cloud_hidden_map",
              "value": true
            }
          ],
          "target": "cloud_burrow_hidden_cache"
        },
        {
          "text": "Climb the spiral gantry toward the storm gallery.",
          "target": "cloud_burrow_storm_gallery"
        }
      ]
    },
    "cloud_burrow_balcony_warrens": {
      "title": "Burrow Balconies",
      "text": "Wind-mole families lounge in hammocks slung beneath the stone, their dens opening onto dangling porches fragrant with sun-baked roots.",
      "choices": [
        {
          "text": "(Healer) Tend the kits' wind-burned paws and earn the family's trust.",
          "condition": {
            "type": "has_tag",
            "value": "Healer"
          },
          "effects": [
            {
              "type": "add_item",
              "value": "mole-whistle"
            },
            {
              "type": "set_flag",
              "flag": "mole_family_bonded",
              "value": true
            },
            {
              "type": "set_flag",
              "flag": "cloud_loft_access",
              "value": true
            },
            {
              "type": "rep_delta",
              "faction": "Aeol Nests",
              "value": 1
            }
          ],
          "target": "cloud_burrow_guest_ledger"
        },
        {
          "text": "(Resonant) Match the burrow songs until the elders gift you a whistle.",
          "condition": {
            "type": "has_tag",
            "value": "Resonant"
          },
          "effects": [
            {
              "type": "add_item",
              "value": "mole-whistle"
            },
            {
              "type": "set_flag",
              "flag": "mole_family_bonded",
              "value": true
            },
            {
              "type": "set_flag",
              "flag": "cloud_loft_access",
              "value": true
            },
            {
              "type": "rep_delta",
              "faction": "Aeol Nests",
              "value": 1
            }
          ],
          "target": "cloud_burrow_guest_ledger"
        },
        {
          "text": "Offer a favor chit to join the burrow's guest ledger.",
          "condition": {
            "type": "has_item",
            "value": "favor"
          },
          "effects": [
            {
              "type": "remove_item",
              "value": "favor"
            },
            {
              "type": "add_item",
              "value": "mole-whistle"
            },
            {
              "type": "set_flag",
              "flag": "mole_family_bonded",
              "value": true
            },
            {
              "type": "set_flag",
              "flag": "cloud_loft_access",
              "value": true
            },
            {
              "type": "rep_delta",
              "faction": "Aeol Nests",
              "value": 1
            }
          ],
          "target": "cloud_burrow_guest_ledger"
        },
        {
          "text": "Follow the wind-hand interpreters toward the signway balcony.",
          "effects": [
            {
              "type": "set_flag",
              "flag": "windhands_relay",
              "value": true
            }
          ],
          "target": "cloud_burrow_signway_balcony"
        },
        {
          "text": "Thank the family and descend toward the threshold.",
          "target": "cloud_burrow_threshold"
        }
      ]
    },
    "cloud_burrow_guest_ledger": {
      "title": "Guest Ledger Alcove",
      "text": "The mole matriarch inks your name beside the guest whistles and gestures toward hammocks reserved for trusted allies.",
      "on_enter": [
        {
          "type": "unlock_start",
          "value": "cloud_burrow_loft"
        }
      ],
      "choices": [
        {
          "text": "Follow the steward up toward the loft hammocks.",
          "target": "cloud_burrow_loft"
        },
        {
          "text": "Thank the family and descend toward the threshold.",
          "target": "cloud_burrow_threshold"
        },
        {
          "text": "Transfer the ledger notes into the hidden skip cache.",
          "target": "cloud_burrow_hidden_cache"
        },
        {
          "text": "Use the guest passages to return to the central nexus.",
          "target": "startways_nexus"
        }
      ]
    },
    "cloud_burrow_resonant_wells": {
      "title": "Resonant Wells",
      "text": "Stone flutes wind through the cavern, channeling updrafts into a trembling chord that keeps the warrens aloft.",
      "choices": [
        {
          "text": "(Resonant) Shape the chord until the updraft recognizes your cadence.",
          "condition": {
            "type": "has_tag",
            "value": "Resonant"
          },
          "effects": [
            {
              "type": "set_flag",
              "flag": "gale_harmonics_ready",
              "value": true
            }
          ],
          "target": "cloud_burrow_updraft_well"
        },
        {
          "text": "(Resonant) Sign the wind-hand cant with the well tenders and plan a silent relay.",
          "condition": {
            "type": "has_tag",
            "value": "Resonant"
          },
          "effects": [
            {
              "type": "set_flag",
              "flag": "windhands_relay",
              "value": true
            }
          ],
          "target": "cloud_burrow_signway_balcony"
        },
        {
          "text": "(Healer) Ease the wind-tenders' ringing ears with cooling salves.",
          "condition": {
            "type": "has_tag",
            "value": "Healer"
          },
          "effects": [
            {
              "type": "rep_delta",
              "faction": "Aeol Nests",
              "value": 1
            },
            {
              "type": "set_flag",
              "flag": "resonant_wells_tended",
              "value": true
            }
          ],
          "target": "cloud_burrow_embassy"
        },
        {
          "text": "Study the carved notations to better read the burrow flows.",
          "effects": [
            {
              "type": "set_flag",
              "flag": "burrow_notations_studied",
              "value": true
            }
          ],
          "target": "cloud_burrow_tunnel_survey"
        },
        {
          "text": "Return to the inverted plaza.",
          "target": "cloud_burrow_inverted_plaza"
        }
      ]
    },
    "cloud_burrow_windbone_forum": {
      "title": "Windbone Forum",
      "text": "Aeol arbiters and mole elders trade windbone tokens beneath fluttering pennants, each gust notarized with chime-scribed sigils.",
      "choices": [
        {
          "text": "(Emissary) Mediate gust-rights to receive a windbone token.",
          "condition": {
            "type": "has_tag",
            "value": "Emissary"
          },
          "effects": [
            {
              "type": "add_item",
              "value": "windbone token"
            },
            {
              "type": "set_flag",
              "flag": "windbone_token_held",
              "value": true
            },
            {
              "type": "rep_delta",
              "faction": "Aeol Nests",
              "value": 1
            }
          ],
          "target": "cloud_burrow_embassy"
        },
        {
          "text": "(Scout) Slip along the underside ledger paths to map the tunnels.",
          "condition": {
            "type": "has_tag",
            "value": "Scout"
          },
          "effects": [
            {
              "type": "set_flag",
              "flag": "forum_scanned",
              "value": true
            }
          ],
          "target": "cloud_burrow_tunnel_survey"
        },
        {
          "text": "(Resonant) Join the chime-call to steady the gust tallies.",
          "condition": {
            "type": "has_tag",
            "value": "Resonant"
          },
          "effects": [
            {
              "type": "set_flag",
              "flag": "windbone_chant_joined",
              "value": true
            }
          ],
          "target": "cloud_burrow_resonant_wells"
        },
        {
          "text": "(Arbiter) Convene a signed gust moot so every burrow shares the breeze fairly.",
          "condition": {
            "type": "has_tag",
            "value": "Arbiter"
          },
          "effects": [
            {
              "type": "rep_delta",
              "faction": "Quiet Ledger",
              "value": 1
            },
            {
              "type": "set_flag",
              "flag": "windhands_relay",
              "value": true
            },
            {
              "type": "set_flag",
              "flag": "windhands_moot_calm",
              "value": true
            },
            {
              "type": "set_flag",
              "flag": "windhands_balcony_synced",
              "value": true
            }
          ],
          "target": "cloud_burrow_signway_forum"
        },
        {
          "text": "Carry gust petitions back to the embassy clerks.",
          "effects": [
            {
              "type": "set_flag",
              "flag": "windbone_errand",
              "value": true
            }
          ],
          "target": "cloud_burrow_embassy"
        }
      ]
    },
    "cloud_burrow_chime_market": {
      "title": "Chime-Lit Market",
      "text": "Strings of wind-chimes ring in shifting gravity, vendors trading gust teas and burrow quilts along the plaza's underside.",
      "choices": [
        {
          "text": "Sample gust teas with Freehands vendors and trade stories.",
          "effects": [
            {
              "type": "rep_delta",
              "faction": "Freehands",
              "value": 1
            },
            {
              "type": "set_flag",
              "flag": "market_access",
              "value": true
            }
          ],
          "target": "cloud_burrow_threshold"
        },
        {
          "text": "(Resonant) Sign along with the market chorus to steady the inverted stalls.",
          "condition": {
            "type": "has_tag",
            "value": "Resonant"
          },
          "effects": [
            {
              "type": "set_flag",
              "flag": "chorus_shared",
              "value": true
            }
          ],
          "target": "cloud_burrow_resonant_wells"
        },
        {
          "text": "(Emissary) Broker a truce between Aeol traders and burrow runners.",
          "condition": {
            "type": "has_tag",
            "value": "Emissary"
          },
          "effects": [
            {
              "type": "rep_delta",
              "faction": "Quiet Ledger",
              "value": 1
            },
            {
              "type": "set_flag",
              "flag": "market_embassy_invite",
              "value": true
            }
          ],
          "target": "cloud_burrow_embassy"
        },
        {
          "text": "Use your burrow map to slip into the service tunnels.",
          "condition": {
            "type": "has_item",
            "value": "burrow map"
          },
          "effects": [
            {
              "type": "set_flag",
              "flag": "map_routes_open",
              "value": true
            }
          ],
          "target": "cloud_burrow_mole_warren"
        }
      ]
    },
    "cloud_burrow_signway_balcony": {
      "title": "Signway Balcony",
      "text": "Harness lines cradle a quiet overlook where wind-mole interpreters trade gust-hand signs while lanterns dim to carry silent messages.",
      "choices": [
        {
          "text": "(Resonant) Flash the wind-hand greetings and sync your pulse to their silent count.",
          "condition": [
            {
              "type": "has_tag",
              "value": "Resonant"
            },
            {
              "type": "flag_eq",
              "flag": "windhands_relay",
              "value": true
            }
          ],
          "effects": [
            {
              "type": "set_flag",
              "flag": "windhands_balcony_synced",
              "value": true
            }
          ],
          "target": "cloud_burrow_signway_forum"
        },
        {
          "text": "Borrow a gust-slate to sketch your reply for the interpreters.",
          "effects": [
            {
              "type": "set_flag",
              "flag": "windhands_balcony_synced",
              "value": true
            }
          ],
          "target": "cloud_burrow_signway_forum"
        },
        {
          "text": "Climb back toward the burrow balconies.",
          "target": "cloud_burrow_balcony_warrens"
        }
      ]
    },
    "cloud_burrow_signway_forum": {
      "title": "Signed Gust Moot",
      "text": "Community representatives circle a suspended ledger, palms flickering in gust-hand phrases to balance passage lanes.",
      "choices": [
        {
          "text": "(Resonant) Lead a silent compromise so every burrow receives the breeze it needs.",
          "condition": [
            {
              "type": "has_tag",
              "value": "Resonant"
            },
            {
              "type": "flag_eq",
              "flag": "windhands_balcony_synced",
              "value": true
            }
          ],
          "effects": [
            {
              "type": "set_flag",
              "flag": "windhands_moot_calm",
              "value": true
            },
            {
              "type": "rep_delta",
              "faction": "Quiet Ledger",
              "value": 1
            }
          ],
          "target": "cloud_burrow_signway_well"
        },
        {
          "text": "Take notes on a ribbon-slate and pass them between the negotiators.",
          "effects": [
            {
              "type": "set_flag",
              "flag": "windhands_moot_calm",
              "value": true
            }
          ],
          "target": "cloud_burrow_signway_well"
        },
        {
          "text": "Return the petitions to the windbone forum.",
          "target": "cloud_burrow_windbone_forum"
        }
      ]
    },
    "cloud_burrow_signway_well": {
      "title": "Silent Updraft Brace",
      "text": "Luminous cords sway beside the updraft well, each gesture translating into soft pulses that calm the gale.",
      "choices": [
        {
          "text": "(Resonant) Sign the gale-lattice into harmony and teach the watchers the pattern.",
          "condition": [
            {
              "type": "has_tag",
              "value": "Resonant"
            },
            {
              "type": "flag_eq",
              "flag": "windhands_moot_calm",
              "value": true
            }
          ],
          "effects": [
            {
              "type": "set_flag",
              "flag": "gale_harmonics_ready",
              "value": true
            },
            {
              "type": "set_flag",
              "flag": "windhands_path_complete",
              "value": true
            }
          ],
          "target": "cloud_burrow_updraft_well"
        },
        {
          "text": "Hang lantern cues so anyone can follow the new silent counts.",
          "effects": [
            {
              "type": "set_flag",
              "flag": "windhands_path_complete",
              "value": true
            }
          ],
          "target": "cloud_burrow_updraft_well"
        },
        {
          "text": "Glide back toward the resonance wells.",
          "target": "cloud_burrow_resonant_wells"
        }
      ]
    },
    "cloud_burrow_echo_span": {
      "title": "Echo Span",
      "text": "An inverted bridge of resonant wire hums between plaza spires, each step tuning the gale toward distant wells.",
      "choices": [
        {
          "text": "Guide the span's hum toward the resonance wells for future travelers.",
          "effects": [
            {
              "type": "rep_delta",
              "faction": "Quiet Ledger",
              "value": 1
            },
            {
              "type": "set_flag",
              "flag": "cloud_echo_span",
              "value": true
            }
          ],
          "target": "cloud_burrow_resonant_wells"
        },
        {
          "text": "Mark the span for Freehands runners to ferry supplies.",
          "effects": [
            {
              "type": "rep_delta",
              "faction": "Freehands",
              "value": 1
            }
          ],
          "target": "cloud_burrow_freehands_drop"
        },
        {
          "text": "Retrace your steps back to the inverted plaza.",
          "target": "cloud_burrow_inverted_plaza"
        }
      ]
    },
    "cloud_burrow_stormloom": {
      "title": "Stormloom Gantry",
      "text": "Banners woven with gust cords billow around a suspended loom, braiding stormlines into stable conduits.",
      "choices": [
        {
          "text": "Lock the stormloom into the gallery's training schedule.",
          "effects": [
            {
              "type": "rep_delta",
              "faction": "Aeol Nests",
              "value": 1
            },
            {
              "type": "set_flag",
              "flag": "cloud_stormloom_ready",
              "value": true
            }
          ],
          "target": "cloud_burrow_storm_gallery"
        },
        {
          "text": "Let the stormloom unwind and return to the plaza.",
          "target": "cloud_burrow_inverted_plaza"
        },
        {
          "text": "Escort the braided cords up toward the guest ledger alcove.",
          "target": "cloud_burrow_guest_ledger"
        },
        {
          "text": "(Storm-Conductor) Conduct the charged threads toward the Saltglass convoy staging.",
          "condition": {
            "type": "has_tag",
            "value": "Storm-Conductor"
          },
          "target": "saltglass_expanse"
        }
      ]
    },
    "cloud_burrow_hidden_cache": {
      "title": "Hidden Rift Cache",
      "text": "Behind a tessellated hatch, suspended maps pulse with skip-trajectory ink tracing seams between gust lanes.",
      "choices": [
        {
          "text": "Decode the skip-trajectory and seek the mentor who drafted it.",
          "effects": [
            {
              "type": "set_flag",
              "flag": "rift_skipper_map_ready",
              "value": true
            }
          ],
          "target": "mentor_rift_skipper_intro"
        },
        {
          "text": "Leave the cache sealed and return to the plaza.",
          "target": "cloud_burrow_inverted_plaza"
        },
        {
          "text": "Copy the skip-lines into the guest ledger for future allies.",
          "target": "cloud_burrow_guest_ledger"
        }
      ]
    },
    "cloud_burrow_tunnel_survey": {
      "title": "Tunnel Survey",
      "text": "Luminous lichen paints the burrow walls while pressure-gauges tick, the air thick with drifting soil motes.",
      "choices": [
        {
          "text": "(Scout) Chart the branching shafts into a proper burrow map.",
          "condition": {
            "type": "has_tag",
            "value": "Scout"
          },
          "effects": [
            {
              "type": "add_item",
              "value": "burrow map"
            },
            {
              "type": "set_flag",
              "flag": "burrow_map_inscribed",
              "value": true
            }
          ],
          "target": "cloud_burrow_mole_warren"
        },
        {
          "text": "Blow your mole-whistle to call guides deeper.",
          "condition": {
            "type": "has_item",
            "value": "mole-whistle"
          },
          "effects": [
            {
              "type": "set_flag",
              "flag": "whistle_path_open",
              "value": true
            }
          ],
          "target": "cloud_burrow_mole_warren"
        },
        {
          "text": "Plant wind-markers pointing back to the threshold.",
          "effects": [
            {
              "type": "set_flag",
              "flag": "survey_markers",
              "value": true
            }
          ],
          "target": "cloud_burrow_threshold"
        }
      ]
    },
    "cloud_burrow_mole_warren": {
      "title": "Wind-Mole Warren",
      "text": "Warm tunnels spiral around a humming airshaft where elders braid wind-fronds into cushioning nests.",
      "choices": [
        {
          "text": "(Healer) Soothe the elder burrowers with herbal poultices.",
          "condition": {
            "type": "has_tag",
            "value": "Healer"
          },
          "effects": [
            {
              "type": "rep_delta",
              "faction": "Aeol Nests",
              "value": 1
            },
            {
              "type": "set_flag",
              "flag": "mole_family_bonded",
              "value": true
            }
          ],
          "target": "cloud_burrow_loft"
        },
        {
          "text": "(Emissary) Negotiate shared gust-runs between rival warrens.",
          "condition": {
            "type": "has_tag",
            "value": "Emissary"
          },
          "effects": [
            {
              "type": "rep_delta",
              "faction": "Quiet Ledger",
              "value": 1
            },
            {
              "type": "set_flag",
              "flag": "warren_deal_brokered",
              "value": true
            }
          ],
          "target": "cloud_burrow_embassy"
        },
        {
          "text": "Blow the mole-whistle to open a path toward the updraft well.",
          "condition": {
            "type": "has_item",
            "value": "mole-whistle"
          },
          "effects": [
            {
              "type": "set_flag",
              "flag": "whistle_path_open",
              "value": true
            }
          ],
          "target": "cloud_burrow_updraft_well"
        },
        {
          "text": "Share Saltglass news and accept woven wind-charms.",
          "effects": [
            {
              "type": "add_item",
              "value": "windbone token"
            },
            {
              "type": "set_flag",
              "flag": "warren_news_shared",
              "value": true
            }
          ],
          "target": "cloud_burrow_chime_market"
        }
      ]
    },
    "cloud_burrow_quiet_scrip": {
      "title": "Quiet Ledger Scrip Room",
      "text": "Ledger envoys suspend balance-beads across gust models, allocating stipends to stabilize the burrow lanes.",
      "choices": [
        {
          "text": "Channel funding toward the storm gallery's upkeep.",
          "effects": [
            {
              "type": "rep_delta",
              "faction": "Quiet Ledger",
              "value": 1
            },
            {
              "type": "set_flag",
              "flag": "cloud_quiet_underwriting",
              "value": true
            }
          ],
          "target": "cloud_burrow_storm_gallery"
        },
        {
          "text": "Divert an emergency stipend to the Freehands chain.",
          "effects": [
            {
              "type": "rep_delta",
              "faction": "Freehands",
              "value": 1
            }
          ],
          "target": "cloud_burrow_freehands_drop"
        },
        {
          "text": "Close the ledgers and return to the embassy.",
          "target": "cloud_burrow_embassy"
        }
      ]
    },
    "cloud_burrow_freehands_drop": {
      "title": "Freehands Balcony Drop",
      "text": "Mutual-aid parcels swing between balconies on woven cords, volunteers timing releases with each gust.",
      "choices": [
        {
          "text": "Coordinate the drop schedule so every den receives relief.",
          "effects": [
            {
              "type": "rep_delta",
              "faction": "Freehands",
              "value": 1
            },
            {
              "type": "set_flag",
              "flag": "cloud_freehands_chain",
              "value": true
            }
          ],
          "target": "cloud_burrow_balcony_warrens"
        },
        {
          "text": "Document the operation for Quiet Ledger reimbursement.",
          "effects": [
            {
              "type": "rep_delta",
              "faction": "Quiet Ledger",
              "value": 1
            }
          ],
          "target": "cloud_burrow_quiet_scrip"
        },
        {
          "text": "Ride a supply cord back toward the inverted plaza.",
          "target": "cloud_burrow_inverted_plaza"
        },
        {
          "text": "Return to the main cloud burrow threshold.",
          "target": "cloud_burrow_threshold"
        }
      ]
    },
    "cloud_burrow_loft": {
      "title": "Cloud-Burrow Loft",
      "text": "Ozone tang frays the fluff-swaddled hammocks; a wind-mole steward sniffs, 'Updraft tastes wary,' while glider bones sing along the gale-tuned chimes.",
      "choices": [
        {
          "text": "Glide down to the inverted plaza.",
          "target": "cloud_burrow_inverted_plaza"
        },
        {
          "text": "(Scout) Sketch hidden shortcuts between balcony warrens.",
          "condition": {
            "type": "has_tag",
            "value": "Scout"
          },
          "effects": [
            {
              "type": "set_flag",
              "flag": "loft_shortcuts",
              "value": true
            }
          ],
          "target": "cloud_burrow_tunnel_survey"
        },
        {
          "text": "(Resonant) Sign-chime harmonies with the wind-mole chorus.",
          "condition": {
            "type": "has_tag",
            "value": "Resonant"
          },
          "effects": [
            {
              "type": "set_flag",
              "flag": "gale_harmonics_ready",
              "value": true
            }
          ],
          "target": "cloud_burrow_resonant_wells"
        },
        {
          "text": "Share tea and plan your next foray back toward the Saltglass Expanse.",
          "target": "saltglass_expanse"
        }
      ]
    },
    "cloud_burrow_embassy": {
      "title": "Sky Burrow Embassy",
      "text": "A suspended chamber balances Aeol scrolls and burrow knot-ledgers, envoys drifting between inverted desks.",
      "choices": [
        {
          "text": "(Emissary) Deliver Aeol letters securing new gust accords.",
          "condition": {
            "type": "has_tag",
            "value": "Emissary"
          },
          "effects": [
            {
              "type": "rep_delta",
              "faction": "Aeol Nests",
              "value": 1
            },
            {
              "type": "set_flag",
              "flag": "cloud_embassy_heard",
              "value": true
            }
          ],
          "target": "cloud_burrow_storm_gallery"
        },
        {
          "text": "(Healer) Ease the negotiators' pressure aches with balancing tonics.",
          "condition": {
            "type": "has_tag",
            "value": "Healer"
          },
          "effects": [
            {
              "type": "rep_delta",
              "faction": "Root Assembly",
              "value": 1
            },
            {
              "type": "set_flag",
              "flag": "cloud_embassy_tended",
              "value": true
            }
          ],
          "target": "cloud_burrow_windbone_forum"
        },
        {
          "text": "(Quiet Ledger 1+) Underwrite new gust corridors for the burrow budget.",
          "condition": {
            "type": "rep_at_least",
            "faction": "Quiet Ledger",
            "value": 1
          },
          "effects": [
            {
              "type": "set_flag",
              "flag": "cloud_quiet_underwriting",
              "value": true
            }
          ],
          "target": "cloud_burrow_quiet_scrip"
        },
        {
          "text": "(Freehands 1+) Coordinate balcony mutual aid drops for wind-mole crews.",
          "condition": {
            "type": "rep_at_least",
            "faction": "Freehands",
            "value": 1
          },
          "effects": [
            {
              "type": "set_flag",
              "flag": "cloud_freehands_chain",
              "value": true
            }
          ],
          "target": "cloud_burrow_freehands_drop"
        },
        {
          "text": "Request a tether back toward the Saltglass Expanse.",
          "target": "saltglass_expanse"
        },
        {
          "text": "Review the ledgers to mark new burrow passages.",
          "effects": [
            {
              "type": "set_flag",
              "flag": "embassy_routes_noted",
              "value": true
            }
          ],
          "target": "cloud_burrow_tunnel_survey"
        },
        {
          "text": "Spend your windbone token to board an Aeol lift toward the Startways Nexus.",
          "condition": {
            "type": "has_item",
            "value": "windbone token"
          },
          "effects": [
            {
              "type": "remove_item",
              "value": "windbone token"
            },
            {
              "type": "set_flag",
              "flag": "windbone_token_spent",
              "value": true
            }
          ],
          "target": "startways_nexus"
        },
        {
          "text": "Claim the night shift at the waystation and guide caravans in.",
          "condition": {
            "type": "flag_eq",
            "flag": "saltglass_routes_plotted",
            "value": true
          },
          "effects": [
            {
              "type": "end_game",
              "value": "Saltglass Waystation Warden"
            }
          ],
          "target": "ending_saltglass_waystation"
        }
      ]
    },
    "cloud_burrow_storm_gallery": {
      "title": "Storm Gallery",
      "text": "A ring of inverted chimes focuses the gale, apprentices pacing the rim as they coax gusts through carved vents.",
      "choices": [
        {
          "text": "(Resonant) Ring the chimes in time with the gale and request mentorship.",
          "condition": {
            "type": "has_tag",
            "value": "Resonant"
          },
          "effects": [
            {
              "type": "set_flag",
              "flag": "storm_conductor_invited",
              "value": true
            }
          ],
          "target": "mentor_storm_conductor_intro"
        },
        {
          "text": "(Scout) Trace safe airways leading toward the updraft well.",
          "condition": {
            "type": "has_tag",
            "value": "Scout"
          },
          "effects": [
            {
              "type": "set_flag",
              "flag": "storm_gallery_mapped",
              "value": true
            }
          ],
          "target": "cloud_burrow_updraft_well"
        },
        {
          "text": "Observe the apprentices adjusting each gust vane.",
          "effects": [
            {
              "type": "set_flag",
              "flag": "storm_gallery_observed",
              "value": true
            }
          ],
          "target": "cloud_burrow_resonant_wells"
        },
        {
          "text": "Accept a tide-clergy invitation down to the Amber Tides Necropolis.",
          "effects": [
            {
              "type": "set_flag",
              "flag": "amber_tides_invited",
              "value": true
            }
          ],
          "target": "amber_tides_lantern_lock"
        },
        {
          "text": "Return to the inverted plaza.",
          "target": "cloud_burrow_inverted_plaza"
        }
      ]
    },
    "cloud_burrow_updraft_well": {
      "title": "Updraft Well",
      "text": "A roaring column of wind spirals through the heart of the warrens, stray chimes spinning like constellations in the gale.",
      "choices": [
        {
          "text": "(Resonant) Bind the gale into an unshattered song.",
          "condition": {
            "type": "flag_eq",
            "flag": "gale_harmonics_ready",
            "value": true
          },
          "effects": [
            {
              "type": "end_game",
              "value": "The Unshattered Gale"
            }
          ],
          "target": "ending_unshattered_gale"
        },
        {
          "text": "Blow your mole-whistle to guide the gust toward the warrens.",
          "condition": {
            "type": "has_item",
            "value": "mole-whistle"
          },
          "effects": [
            {
              "type": "set_flag",
              "flag": "whistle_path_open",
              "value": true
            }
          ],
          "target": "cloud_burrow_mole_warren"
        },
        {
          "text": "Trace your burrow map for a safer descent.",
          "condition": {
            "type": "has_item",
            "value": "burrow map"
          },
          "effects": [
            {
              "type": "set_flag",
              "flag": "burrow_map_inscribed",
              "value": true
            }
          ],
          "target": "cloud_burrow_tunnel_survey"
        },
        {
          "text": "Step back before the gale peaks.",
          "target": "cloud_burrow_storm_gallery"
        }
      ]
    }
  },
  "starts": [
    {
      "id": "cloud_burrow_loft",
      "title": "Cloud-Burrow Loft",
      "locked_title": "Cloud-Burrow Loft (Locked)",
      "node": "cloud_burrow_loft",
      "tags": [
        "Resonant",
        "Healer"
      ],
      "locked": true,
      "blurb": "Wake in lofts above the Cloud-Burrow warrens. Airborne logistics favor resonance and glidecraft."
    }
  ]
}
