{
  "_module_info": {
    "id": "community",
    "name": "Community",
    "description": "Content module for community area",
    "dependencies": [],
    "tags": [],
    "factions": [],
    "node_count": 1,
    "start_count": 0
  },
  "nodes": {
    "community_investment": {
      "id": "community_investment",
      "title": "Community Investment",
      "text": "[This is an auto-generated placeholder for the missing 'community_investment' location.] This location exists in the story but its content hasn't been written yet.",
      "choices": [
        {
          "text": "Continue the story (return to a safe location)",
          "target": "tutorial_arrival_beach"
        }
      ],
      "_auto_generated": true,
      "_generation_reason": "Missing node referenced by: Node 'seek_alliance_funding' choice 0"
    }
  },
  "starts": []
}
