{
  "_module_info": {
    "id": "confront",
    "name": "Confront",
    "description": "Content module for confront area",
    "dependencies": [],
    "tags": [],
    "factions": [],
    "node_count": 1,
    "start_count": 0
  },
  "nodes": {
    "confront_cartel_leaders": {
      "title": "Cartel Board Meeting",
      "description": "You stride into the Prism Galleria's highest tower, where Cartel executives sit around a crystal table. Director Vale looks up coolly: 'So the independent traders sent you to threaten us? We're simply practicing efficient market operations. If they can't compete, perhaps they shouldn't be in business.'",
      "tags": [
        "Economic",
        "Confrontation"
      ],
      "choices": [
        {
          "text": "'Your 'efficiency' is destroying families and communities.'",
          "target": "challenge_cartel_ethics"
        },
        {
          "text": "'I have evidence of illegal price manipulation.'",
          "target": "examine_trade_records"
        },
        {
          "text": "'What would it take to stop this predatory pricing?'",
          "target": "negotiate_compromise"
        },
        {
          "text": "'I should gather more evidence before escalating.'",
          "target": "startways_nexus"
        }
      ]
    }
  },
  "starts": []
}
