{
  "_module_info": {
    "id": "coordinate",
    "name": "Coordinate",
    "description": "Content module for coordinate area",
    "dependencies": [],
    "tags": [],
    "factions": [],
    "node_count": 1,
    "start_count": 0
  },
  "nodes": {
    "coordinate_crisis_response": {
      "id": "coordinate_crisis_response",
      "title": "Coordinate Crisis Response",
      "text": "[This is an auto-generated placeholder for the missing 'coordinate_crisis_response' location.] This location exists in the story but its content hasn't been written yet.",
      "choices": [
        {
          "text": "Continue the story (return to a safe location)",
          "target": "tutorial_arrival_beach"
        }
      ],
      "_auto_generated": true,
      "_generation_reason": "Missing node referenced by: Node 'triage_infrastructure' choice 2, Node 'prepare_counterstrike' choice 2, Node 'initiate_counterintelligence' choice 2"
    }
  },
  "starts": []
}
