{
  "_module_info": {
    "id": "demand",
    "name": "Demand",
    "description": "Content module for demand area",
    "dependencies": [],
    "tags": [],
    "factions": [],
    "node_count": 1,
    "start_count": 0
  },
  "nodes": {
    "demand_oversight": {
      "title": "Demanding Accountability",
      "description": "Director Vale chuckles: 'Oversight? From whom - the Root Assembly that can't even keep track of its own delegates? The independents who can barely manage their own businesses? No, we prefer... self-regulation. Our word has always been our bond.' The other executives exchange meaningful glances.",
      "tags": [
        "Economic",
        "Negotiation",
        "Suspicious"
      ],
      "choices": [
        {
          "text": "'Self-regulation is what got us into this mess.'",
          "target": "challenge_cartel_ethics"
        },
        {
          "text": "'I want to see contracts and guarantees in writing.'",
          "target": "examine_trade_records"
        },
        {
          "text": "'The traders will need independent verification.'",
          "target": "explore_trader_alliance"
        },
        {
          "text": "'This isn't a real negotiation. I'm leaving.'",
          "target": "startways_nexus"
        }
      ]
    }
  },
  "starts": []
}
