{
  "_module_info": {
    "id": "descend",
    "name": "Descend",
    "description": "Content module for descend area",
    "dependencies": [],
    "tags": [],
    "factions": [],
    "node_count": 1,
    "start_count": 0
  },
  "nodes": {
    "descend_to_depths": {
      "title": "Into the Harmonic Chaos",
      "description": "Descending into the Singing Depths, the chaotic harmonics assault your senses. Navigation crystals crack in your hands, and the usual singing has become a discordant shriek. At the deepest accessible level, you find the source: massive crystal formations pulsing with unnatural rhythms, as if something is forcing them to sing against their nature.",
      "tags": [
        "Exploration",
        "Investigation"
      ],
      "choices": [
        {
          "text": "'These crystals are being manipulated by an outside force.'",
          "target": "identify_harmonic_sabotage"
        },
        {
          "text": "'I need to attempt communication with whatever's doing this.'",
          "target": "attempt_communication"
        },
        {
          "text": "'The damage might be reversible if I can find the control mechanism.'",
          "target": "locate_harmonic_controls"
        },
        {
          "text": "'This is connected to the other crisis situations.'",
          "target": "startways_nexus"
        }
      ]
    }
  },
  "starts": []
}
