{
  "_module_info": {
    "id": "develop",
    "name": "Develop",
    "description": "Content module for develop area",
    "dependencies": [],
    "tags": [],
    "factions": [],
    "node_count": 1,
    "start_count": 0
  },
  "nodes": {
    "develop_countermeasures": {
      "title": "Technical Solutions",
      "description": "Chief Technician Zara pulls up engineering schematics: 'If we can't stop the interference at its source, we can adapt our systems to work around it. New filtering algorithms, backup navigation methods, redundant communication channels. It'll take time and resources, but we can make our network interference-resistant.'",
      "tags": [
        "Exploration",
        "Technical",
        "Engineering"
      ],
      "choices": [
        {
          "text": "'How long would these modifications take to implement?'",
          "target": "plan_technical_timeline"
        },
        {
          "text": "'What resources do you need to get started immediately?'",
          "target": "allocate_engineering_resources"
        },
        {
          "text": "'We should still find and stop the interference source.'",
          "target": "track_sabotage"
        },
        {
          "text": "'These countermeasures might help with other crisis situations too.'",
          "target": "startways_nexus"
        }
      ]
    }
  },
  "starts": []
}
