{
  "_module_info": {
    "id": "economic",
    "name": "Economic",
    "description": "Content module for economic area",
    "dependencies": [],
    "tags": [],
    "factions": [],
    "node_count": 1,
    "start_count": 0
  },
  "nodes": {
    "economic_crisis_start": {
      "title": "Merchant's Desperate Plea",
      "description": "In the Prism Galleria's outer markets, trader Kess grabs your sleeve: 'The Cartel's price-fixing has destroyed us! They're selling crystals below cost to bankrupt independents, then they'll control everything. Five trading families have lost everything this week. If this continues, only the Cartel will remain—and they'll own us all.'",
      "tags": [
        "Economic"
      ],
      "choices": [
        {
          "text": "'Show me the evidence of price manipulation.'",
          "target": "examine_trade_records",
          "effects": [
            {
              "type": "set_flag",
              "flag": "investigating_cartel",
              "value": true
            }
          ]
        },
        {
          "text": "'I'll speak with the Cartel leadership directly.'",
          "target": "confront_cartel_leaders"
        },
        {
          "text": "'What if independent traders formed a cooperative?'",
          "target": "explore_trader_alliance"
        },
        {
          "text": "'Let me assess the situation from other angles first.'",
          "target": "startways_nexus"
        }
      ]
    }
  },
  "starts": []
}
