{
  "_module_info": {
    "id": "elevated",
    "name": "Elevated",
    "description": "Content module for elevated area",
    "dependencies": [],
    "tags": [],
    "factions": [],
    "node_count": 1,
    "start_count": 0
  },
  "nodes": {
    "elevated_grotto_chamber": {
      "title": "Elevated Grotto Chamber",
      "text": "Climbing the phosphorescent roots brings you to a higher chamber with natural windows carved by centuries of water flow. From here, you can see the broader network of caverns and passages stretching throughout the underground.\n\nThe elevated position provides multiple routes forward, each leading toward different parts of the archipelago.",
      "choices": [
        {
          "text": "Descend toward the singing caverns.",
          "target": "singing_depths_entry"
        },
        {
          "text": "Follow the passage toward crystalline formations.",
          "target": "crystalline_reaches_edge"
        },
        {
          "text": "Take the upward path toward the surface.",
          "target": "startways_nexus"
        },
        {
          "text": "Return to the lower grotto.",
          "target": "luminous_grotto"
        }
      ]
    }
  },
  "starts": []
}
