{
  "_module_info": {
    "id": "emergency",
    "name": "Emergency",
    "description": "Content module for emergency area",
    "dependencies": [],
    "tags": [],
    "factions": [],
    "node_count": 1,
    "start_count": 0
  },
  "nodes": {
    "emergency_rerouting": {
      "title": "Backup Systems Activation",
      "description": "Maya pulls up secondary route maps: 'We can reroute through the old atmospheric channels and some moon-eel tunnel systems. It'll be slower and less reliable, but it'll keep goods moving. The real problem is power - the backup systems weren't designed for full network load. We'll have rolling brownouts across half the archipelago.'",
      "tags": [
        "Infrastructure",
        "Emergency"
      ],
      "choices": [
        {
          "text": "'Rolling brownouts are better than complete isolation.'",
          "target": "implement_emergency_measures"
        },
        {
          "text": "'Can we prioritize critical routes and services?'",
          "target": "triage_infrastructure"
        },
        {
          "text": "'We need to fix the primary systems instead of working around them.'",
          "target": "track_sabotage"
        },
        {
          "text": "'This is a temporary solution - what's the long-term plan?'",
          "target": "defensive_measures"
        }
      ]
    }
  },
  "starts": []
}
