{
  "_module_info": {
    "id": "envision",
    "name": "Envision",
    "description": "Content module for envision area",
    "dependencies": [],
    "tags": [],
    "factions": [],
    "node_count": 1,
    "start_count": 0
  },
  "nodes": {
    "envision_economic_democracy": {
      "title": "A New Economic Model",
      "description": "The traders' excitement builds as bigger possibilities emerge: 'This isn't just about surviving the Cartel,' Kess realizes. 'We're creating something new - an economy based on cooperation instead of domination. What if other sectors followed our model? What if the whole archipelago could be organized around mutual aid instead of exploitation?'",
      "tags": [
        "Economic",
        "Visionary",
        "Revolutionary"
      ],
      "choices": [
        {
          "text": "'This vision needs political protection to survive.'",
          "target": "political_crisis_start"
        },
        {
          "text": "'We should connect with other cooperative movements.'",
          "target": "build_wider_coalition"
        },
        {
          "text": "'Let's focus on making our model work first.'",
          "target": "organize_trader_collective"
        },
        {
          "text": "'This is bigger than trade - it connects to all the crisis situations.'",
          "target": "startways_nexus"
        }
      ]
    }
  },
  "starts": []
}
