{
  "_module_info": {
    "id": "execute",
    "name": "Execute",
    "description": "Content module for execute area",
    "dependencies": [],
    "tags": [],
    "factions": [],
    "node_count": 1,
    "start_count": 0
  },
  "nodes": {
    "execute_counterstrike": {
      "id": "execute_counterstrike",
      "title": "Execute Counterstrike",
      "text": "[This is an auto-generated placeholder for the missing 'execute_counterstrike' location.] This location exists in the story but its content hasn't been written yet.",
      "choices": [
        {
          "text": "Continue the story (return to a safe location)",
          "target": "tutorial_arrival_beach"
        }
      ],
      "_auto_generated": true,
      "_generation_reason": "Missing node referenced by: Node 'prepare_counterstrike' choice 0"
    }
  },
  "starts": []
}
