{
  "_module_info": {
    "id": "exploration",
    "name": "Exploration",
    "description": "Content module for exploration area",
    "dependencies": [],
    "tags": [],
    "factions": [],
    "node_count": 1,
    "start_count": 0
  },
  "nodes": {
    "exploration_crisis_start": {
      "title": "Navigator's Emergency Report",
      "description": "Storm-rail pilot Chen bursts into the nexus, charts in hand: 'The harmonics from the Singing Depths have gone completely chaotic! Three transport runs failed yesterday when our navigation crystals shattered. If this continues, we'll lose the eastern trade routes entirely. Something down there is very wrong—or very angry.'",
      "tags": [
        "Exploration"
      ],
      "choices": [
        {
          "text": "'I'll descend into the Depths to investigate the source.'",
          "target": "descend_to_depths",
          "effects": [
            {
              "type": "set_flag",
              "flag": "investigating_harmonics",
              "value": true
            }
          ]
        },
        {
          "text": "'Can we isolate the affected navigation systems?'",
          "target": "technical_analysis"
        },
        {
          "text": "'Has anyone tried communicating with whatever's causing this?'",
          "target": "attempt_communication"
        },
        {
          "text": "'I should gather more intelligence before acting.'",
          "target": "startways_nexus"
        }
      ]
    }
  },
  "starts": []
}
