{
  "_module_info": {
    "id": "extract",
    "name": "Extract",
    "description": "Content module for extract area",
    "dependencies": [],
    "tags": [],
    "factions": [],
    "node_count": 1,
    "start_count": 0
  },
  "nodes": {
    "extract_delegate_sage": {
      "id": "extract_delegate_sage",
      "title": "Extract Delegate Sage",
      "text": "[This is an auto-generated placeholder for the missing 'extract_delegate_sage' location.] This location exists in the story but its content hasn't been written yet.",
      "choices": [
        {
          "text": "Continue the story (return to a safe location)",
          "target": "tutorial_arrival_beach"
        }
      ],
      "_auto_generated": true,
      "_generation_reason": "Missing node referenced by: Node 'rescue_trapped_entity' choice 0"
    }
  },
  "starts": []
}
