{
  "_module_info": {
    "id": "floating_academy",
    "name": "Floating Academy",
    "description": "Content module for floating_academy area",
    "dependencies": [],
    "tags": [],
    "factions": [],
    "node_count": 1,
    "start_count": 1
  },
  "nodes": {
    "floating_academy_archives": {
      "id": "floating_academy_archives",
      "title": "Floating Academy Archives",
      "text": "[This is an auto-generated placeholder for the missing 'floating_academy_archives' location.] This location exists in the story but its content hasn't been written yet.",
      "choices": [
        {
          "text": "Continue the story (return to a safe location)",
          "target": "tutorial_arrival_beach"
        }
      ],
      "_auto_generated": true,
      "_generation_reason": "Missing node referenced by: Start 'floating_academy_scribe'"
    }
  },
  "starts": [
    {
      "id": "floating_academy_scribe",
      "title": "Floating Academy Chronicler",
      "locked_title": "Floating Academy Chronicler (Locked)",
      "node": "floating_academy_archives",
      "tags": [
        "Sky-Scribe",
        "Archivist"
      ],
      "locked": true,
      "blurb": "Record knowledge in the sky-bound libraries drifting between cloud layers. Manage levitation crystals and catalog aerial discoveries."
    }
  ]
}
