{
  "_module_info": {
    "id": "gather",
    "name": "Gather",
    "description": "Content module for gather area",
    "dependencies": [],
    "tags": [],
    "factions": [],
    "node_count": 1,
    "start_count": 0
  },
  "nodes": {
    "gather_sabotage_evidence": {
      "id": "gather_sabotage_evidence",
      "title": "Gather Sabotage Evidence",
      "text": "[This is an auto-generated placeholder for the missing 'gather_sabotage_evidence' location.] This location exists in the story but its content hasn't been written yet.",
      "choices": [
        {
          "text": "Continue the story (return to a safe location)",
          "target": "tutorial_arrival_beach"
        }
      ],
      "_auto_generated": true,
      "_generation_reason": "Missing node referenced by: Node 'locate_harmonic_controls' choice 0, Node 'locate_sabotage_source' choice 0"
    }
  },
  "starts": []
}
