{
  "_module_info": {
    "id": "implement",
    "name": "Implement",
    "description": "Content module for implement area",
    "dependencies": [],
    "tags": [],
    "factions": [],
    "node_count": 1,
    "start_count": 0
  },
  "nodes": {
    "implement_emergency_measures": {
      "title": "Crisis Management",
      "description": "Maya implements the emergency rerouting protocols. Backup systems hum to life as power begins flowing through alternate channels. 'The brownouts are starting,' she reports, 'but we're maintaining basic service to critical areas. It's not sustainable long-term, but it buys us time to find and fix the real problems.'",
      "tags": [
        "Infrastructure",
        "Emergency",
        "Management"
      ],
      "choices": [
        {
          "text": "'What areas are most vulnerable during these brownouts?'",
          "target": "assess_vulnerability_gaps"
        },
        {
          "text": "'How long can we sustain this emergency mode?'",
          "target": "calculate_sustainability"
        },
        {
          "text": "'We need to find the sabotage source while we still have time.'",
          "target": "track_sabotage"
        },
        {
          "text": "'I should coordinate with other crisis teams about these limitations.'",
          "target": "startways_nexus"
        }
      ]
    }
  },
  "starts": []
}
