{
  "_module_info": {
    "id": "initiate",
    "name": "Initiate",
    "description": "Content module for initiate area",
    "dependencies": [],
    "tags": [],
    "factions": [],
    "node_count": 1,
    "start_count": 0
  },
  "nodes": {
    "initiate_counterintelligence": {
      "title": "Shadow Operations",
      "description": "Security Chief Kade sets up the surveillance operation: 'We'll monitor their communications, track their movements, and document their contacts. This is delicate work - if they realize we're onto them, they'll either disappear or accelerate their timeline. We need to be invisible until we're ready to strike.'",
      "tags": [
        "Infrastructure",
        "Security",
        "Investigation",
        "Covert"
      ],
      "choices": [
        {
          "text": "'How long until we have actionable intelligence?'",
          "target": "assess_surveillance_timeline"
        },
        {
          "text": "'What if they're planning to strike before we gather enough evidence?'",
          "target": "balance_speed_vs_proof"
        },
        {
          "text": "'We should coordinate this surveillance with other crisis teams.'",
          "target": "coordinate_crisis_response"
        },
        {
          "text": "'I need to report this investigation to central command.'",
          "target": "startways_nexus"
        }
      ]
    }
  },
  "starts": []
}
