{
  "_module_info": {
    "id": "interview",
    "name": "Interview",
    "description": "Content module for interview area",
    "dependencies": [],
    "tags": [],
    "factions": [],
    "node_count": 1,
    "start_count": 0
  },
  "nodes": {
    "interview_witnesses": {
      "title": "The Web of Deception",
      "description": "The other aides reveal disturbing details: meetings held in secret locations, encrypted communications, and a network of operatives embedded in every major organization. But one aide remembers something crucial: 'Delegate Sage mentioned a name right before disappearing - someone called the Architect was supposed to meet them at the old Resonance Chamber. That was the last anyone saw of them.'",
      "tags": [
        "Political",
        "Investigation"
      ],
      "choices": [
        {
          "text": "'I need to check that Resonance Chamber immediately!'",
          "target": "root_orrery_resonance"
        },
        {
          "text": "'First I need to see all the evidence they gathered.'",
          "target": "analyze_delegate_notes"
        },
        {
          "text": "'This confirms the conspiracy - I need to coordinate the response.'",
          "target": "startways_nexus"
        },
        {
          "text": "'Can we use emergency powers to act on this intelligence?'",
          "target": "explore_legal_alternatives"
        }
      ]
    }
  },
  "starts": []
}
