{
  "_module_info": {
    "id": "locate",
    "name": "Locate",
    "description": "Content module for locate area",
    "dependencies": [],
    "tags": [],
    "factions": [],
    "node_count": 3,
    "start_count": 0
  },
  "nodes": {
    "locate_harmonic_controls": {
      "title": "The Control Chamber",
      "description": "Following power conduits through the crystal caves, you discover a hidden chamber filled with monitoring equipment and control panels. Banks of screens show real-time harmonic disruption patterns across the entire Depths network. This isn't random sabotage - it's a coordinated control system designed to destabilize the archipelago's navigation.",
      "tags": [
        "Exploration",
        "Investigation",
        "Discovery"
      ],
      "choices": [
        {
          "text": "'I need to document this evidence before doing anything else.'",
          "target": "gather_sabotage_evidence"
        },
        {
          "text": "'Can I shut down this control system?'",
          "target": "attempt_system_shutdown"
        },
        {
          "text": "'I should trace who has access to this chamber.'",
          "target": "investigate_inside_threats"
        },
        {
          "text": "'This connects to the other crisis situations - I need to report back.'",
          "target": "startways_nexus"
        }
      ]
    },
    "locate_sabotage_source": {
      "title": "The Source Revealed",
      "description": "Following the electromagnetic signatures leads you to an abandoned maintenance facility on the archipelago's edge. Inside, you discover a sophisticated operation - banks of transmission equipment, detailed maps of infrastructure networks, and communication logs that reveal the scope of the conspiracy. This isn't just sabotage - it's the nerve center of a coordinated attack on the entire archipelago.",
      "tags": [
        "Infrastructure",
        "Investigation",
        "Discovery"
      ],
      "choices": [
        {
          "text": "'I need to document everything before they discover I'm here.'",
          "target": "gather_sabotage_evidence"
        },
        {
          "text": "'Can I disable their equipment?'",
          "target": "sabotage_saboteurs"
        },
        {
          "text": "'I should try to capture whoever's running this operation.'",
          "target": "attempt_capture"
        },
        {
          "text": "'This evidence needs to get to all crisis response teams immediately.'",
          "target": "startways_nexus"
        }
      ]
    },
    "locate_other_delegates": {
      "id": "locate_other_delegates",
      "title": "Locate Other Delegates",
      "text": "[This is an auto-generated placeholder for the missing 'locate_other_delegates' location.] This location exists in the story but its content hasn't been written yet.",
      "choices": [
        {
          "text": "Continue the story (return to a safe location)",
          "target": "tutorial_arrival_beach"
        }
      ],
      "_auto_generated": true,
      "_generation_reason": "Missing node referenced by: Node 'rescue_trapped_entity' choice 3"
    }
  },
  "starts": []
}
