{
  "_module_info": {
    "id": "luminous",
    "name": "Luminous",
    "description": "Content module for luminous area",
    "dependencies": [],
    "tags": [
      "Healer",
      "Lumenar"
    ],
    "factions": [
      "Aeol Nests",
      "Freehands"
    ],
    "node_count": 1,
    "start_count": 0
  },
  "nodes": {
    "luminous_grotto": {
      "title": "Luminous Grotto",
      "text": "Sunken prisms diffuse twilight into rippling curtains while Freehands skiffs bob in hidden coves. Bioluminescent roots mark half-forgotten escape canals.",
      "choices": [
        {
          "text": "(Lumenar) Bend the lightwells to reveal a hidden canal and sail free.",
          "condition": {
            "type": "has_tag",
            "value": "Lumenar"
          },
          "effects": [
            {
              "type": "end_game",
              "value": "Canal Flight"
            }
          ],
          "target": "ending_escape"
        },
        {
          "text": "(Healer) Tend to the wounded Freehands and earn their pledged skiff.",
          "condition": {
            "type": "has_tag",
            "value": "Healer"
          },
          "effects": [
            {
              "type": "rep_delta",
              "faction": "Freehands",
              "value": 1
            },
            {
              "type": "set_flag",
              "flag": "freehands_support",
              "value": true
            }
          ],
          "target": "guestlaw_chamber"
        },
        {
          "text": "Cash in a favor to hire a pilot through the gloom.",
          "condition": {
            "type": "has_item",
            "value": "favor"
          },
          "effects": [
            {
              "type": "remove_item",
              "value": "favor"
            },
            {
              "type": "end_game",
              "value": "Chartered Escape"
            }
          ],
          "target": "ending_escape"
        },
        {
          "text": "Stash supplies among the phosphor roots for future runs.",
          "effects": [
            {
              "type": "add_trait",
              "value": "Well-Provisioned"
            },
            {
              "type": "add_item",
              "value": "favor"
            },
            {
              "type": "set_flag",
              "flag": "grotto_scouted",
              "value": true
            }
          ],
          "target": "prism_galleria"
        },
        {
          "text": "(People-Reader) Sense the Freehands leader's worry and promise a future favor.",
          "condition": {
            "type": "has_trait",
            "value": "People-Reader"
          },
          "effects": [
            {
              "type": "rep_delta",
              "faction": "Freehands",
              "value": 1
            },
            {
              "type": "add_item",
              "value": "favor"
            }
          ],
          "target": "guestlaw_chamber"
        },
        {
          "text": "Raise your cached supplies into a Freehands regatta and promise to keep it running.",
          "condition": [
            {
              "type": "rep_at_least",
              "faction": "Freehands",
              "value": 1
            },
            {
              "type": "flag_eq",
              "flag": "grotto_scouted",
              "value": true
            }
          ],
          "effects": [
            {
              "type": "end_game",
              "value": "Freehands Mist Regatta"
            }
          ],
          "target": "ending_freehands_regatta"
        },
        {
          "text": "File the common tide charter so Aeol pilots match Freehands relief runs.",
          "condition": [
            {
              "type": "flag_eq",
              "flag": "grotto_scouted",
              "value": true
            },
            {
              "type": "rep_at_least",
              "faction": "Aeol Nests",
              "value": 1
            },
            {
              "type": "rep_at_least",
              "faction": "Freehands",
              "value": 1
            }
          ],
          "effects": [
            {
              "type": "end_game",
              "value": "Common Tide Charter"
            }
          ],
          "target": "ending_canal_common_tide"
        },
        {
          "text": "Follow the glowing canal deeper into the underground network.",
          "target": "underground_canal_junction"
        },
        {
          "text": "Climb the phosphorescent roots to reach higher caverns.",
          "target": "elevated_grotto_chamber"
        }
      ]
    }
  },
  "starts": []
}
