{
  "_module_info": {
    "id": "market",
    "name": "Market Areas",
    "description": "Content module for market area",
    "dependencies": [],
    "tags": [
      "Arbiter",
      "Dreamwalker",
      "Emissary",
      "Healer",
      "Lumenar",
      "Resonant",
      "Sneaky",
      "Trickster"
    ],
    "factions": [
      "Aeol Nests",
      "Freehands",
      "Quiet Ledger",
      "Root Assembly"
    ],
    "node_count": 32,
    "start_count": 1
  },
  "nodes": {
    "shed_market_molting_gate": {
      "title": "Molting Gate",
      "text": "Molted banners rustle above a gate where sentinels wear their past faces on sashes, weighing each visitor's willingness to trade what was.",
      "choices": [
        {
          "text": "Present your guest-law braid for entry.",
          "effects": [
            {
              "type": "set_flag",
              "flag": "shed_market_gate_briefed",
              "value": true
            }
          ],
          "target": "shed_market_shed_bazaar"
        },
        {
          "text": "(Trickster) Swap masks with a mouser of borrowed selves and slip inside laughing.",
          "condition": {
            "type": "has_tag",
            "value": "Trickster"
          },
          "effects": [
            {
              "type": "set_flag",
              "flag": "shed_market_gate_masquerade",
              "value": true
            }
          ],
          "target": "shed_market_lumen_stage"
        },
        {
          "text": "(Emissary) Pledge cross-hub courtesy to the sentinel and secure a guest mark.",
          "condition": {
            "type": "has_tag",
            "value": "Emissary"
          },
          "effects": [
            {
              "type": "rep_delta",
              "faction": "Quiet Ledger",
              "value": 1
            },
            {
              "type": "set_flag",
              "flag": "shed_market_gate_accord",
              "value": true
            }
          ],
          "target": "shed_market_shed_bazaar"
        },
        {
          "text": "Return to the Startways Nexus.",
          "target": "startways_nexus"
        }
      ]
    },
    "shed_market_shed_bazaar": {
      "title": "Bazaar of Shed Skins",
      "text": "Stalls shimmer with hanging husks, vendors swapping stories of the selves they've molted while charters of consent hum above the crowd.",
      "choices": [
        {
          "text": "Browse rows of shed selves cataloged for barter.",
          "effects": [
            {
              "type": "set_flag",
              "flag": "shed_market_bazaar_mapped",
              "value": true
            }
          ],
          "target": "shed_market_identity_broker"
        },
        {
          "text": "Inspect the metamorph stalls where husks are weighed.",
          "target": "shed_market_metamorph_stalls"
        },
        {
          "text": "Follow chrysalis steam toward the cocoons' hostel alcove.",
          "target": "shed_market_cocoon_hostel"
        },
        {
          "text": "(Arbiter) Adjudicate a dispute over a shared adolescence.",
          "condition": {
            "type": "has_tag",
            "value": "Arbiter"
          },
          "effects": [
            {
              "type": "rep_delta",
              "faction": "Quiet Ledger",
              "value": 1
            },
            {
              "type": "set_flag",
              "flag": "shed_market_arbiter_signal",
              "value": true
            }
          ],
          "target": "shed_market_charter_workshop"
        },
        {
          "text": "(Sneaky+Resonant) Blend into the hush chorus echoing beneath the stalls.",
          "condition": {
            "type": "has_tag",
            "value": [
              "Sneaky",
              "Resonant"
            ]
          },
          "effects": [
            {
              "type": "set_flag",
              "flag": "shed_market_echo_routes",
              "value": true
            }
          ],
          "target": "shed_market_echo_arcade"
        },
        {
          "text": "(Trickster+Lumenar) Cast mirage-lanterns to access the mask gallery.",
          "condition": {
            "type": "has_tag",
            "value": [
              "Trickster",
              "Lumenar"
            ]
          },
          "effects": [
            {
              "type": "set_flag",
              "flag": "shed_market_mask_gallery",
              "value": true
            }
          ],
          "target": "shed_market_mask_gallery"
        },
        {
          "text": "(Dreamwalker+Healer) Tend the cocoon chorus and follow the shared dreamway.",
          "condition": {
            "type": "has_tag",
            "value": [
              "Dreamwalker",
              "Healer"
            ]
          },
          "effects": [
            {
              "type": "set_flag",
              "flag": "shed_market_dreamway",
              "value": true
            }
          ],
          "target": "shed_market_dreamway_coop"
        },
        {
          "text": "Trail the lantern stream toward the name archives.",
          "target": "shed_market_name_lanterns"
        },
        {
          "text": "Hang your last borrowed mask and assume the rotation desk for good.",
          "condition": [
            {
              "type": "flag_eq",
              "flag": "shed_market_bazaar_mapped",
              "value": true
            },
            {
              "type": "rep_at_least",
              "faction": "Quiet Ledger",
              "value": 1
            }
          ],
          "effects": [
            {
              "type": "end_game",
              "value": "Shed Market Rotation Keeper"
            }
          ],
          "target": "ending_shed_market_retirement"
        },
        {
          "text": "Leave the market and return to the main transit hub.",
          "target": "startways_nexus"
        }
      ]
    },
    "shed_market_metamorph_stalls": {
      "title": "Metamorph Stalls",
      "text": "Glass-backed counters display husks cooling on hooks while ethicists tally consent slips and metamorphs trade tips on easing into new selves.",
      "choices": [
        {
          "text": "Help the appraisers sort claim slips into proper ledgers.",
          "target": "shed_market_molting_appraisers"
        },
        {
          "text": "(Trickster) Stage a persona-swap demonstration to ease the nervous queue.",
          "condition": {
            "type": "has_tag",
            "value": "Trickster"
          },
          "effects": [
            {
              "type": "set_flag",
              "flag": "shed_market_queue_calm",
              "value": true
            }
          ],
          "target": "shed_market_trickster_swapmeet"
        },
        {
          "text": "(Emissary) Convene the stallholders about a shared amnesty pledge.",
          "condition": {
            "type": "has_tag",
            "value": "Emissary"
          },
          "effects": [
            {
              "type": "set_flag",
              "flag": "shed_market_emissary_forum",
              "value": true
            }
          ],
          "target": "shed_market_emissary_forum"
        },
        {
          "text": "Trace the refraction spines toward the ledger's witnessing window.",
          "target": "shed_market_lumenar_refraction"
        }
      ]
    },
    "shed_market_molting_appraisers": {
      "title": "Molting Appraisers",
      "text": "Ledger keepers rotate molted skins beneath glowstones, matching each to its consent braid before filing tonight's exchanges.",
      "choices": [
        {
          "text": "Sort the claim slips into ledger order, calming the backlog.",
          "effects": [
            {
              "type": "set_flag",
              "flag": "shed_market_claim_catalogued",
              "value": true
            }
          ],
          "target": "shed_market_identity_vault"
        },
        {
          "text": "Pocket an unclaimed slip as payment for the meticulous work.",
          "condition": {
            "type": "missing_item",
            "value": "molting claim slip"
          },
          "effects": [
            {
              "type": "add_item",
              "value": "molting claim slip"
            }
          ],
          "target": "shed_market_identity_vault"
        },
        {
          "text": "(Arbiter) Compare conflicting ledgers until every entry aligns.",
          "condition": {
            "type": "has_tag",
            "value": "Arbiter"
          },
          "effects": [
            {
              "type": "rep_delta",
              "faction": "Quiet Ledger",
              "value": 1
            },
            {
              "type": "set_flag",
              "flag": "shed_market_identity_precedent",
              "value": true
            }
          ],
          "target": "shed_market_arbiter_lattice"
        },
        {
          "text": "Borrow splicer tools to salvage a damaged husk.",
          "target": "shed_market_skin_splicer_lab"
        }
      ]
    },
    "shed_market_skin_splicer_lab": {
      "title": "Skin Splicer Lab",
      "text": "Steam curls above tables where technicians stitch consent sigils into reclaimed skins, double-checking that each splice honors its origin.",
      "choices": [
        {
          "text": "Stitch consent sigils so each reclaimed skin keeps its story intact.",
          "effects": [
            {
              "type": "set_flag",
              "flag": "shed_market_splicer_aided",
              "value": true
            }
          ],
          "target": "shed_market_identity_vault"
        },
        {
          "text": "(Lumenar) Maintain the vats' glow so new selves don't smear.",
          "condition": {
            "type": "has_tag",
            "value": "Lumenar"
          },
          "effects": [
            {
              "type": "set_flag",
              "flag": "shed_market_truthlight",
              "value": true
            }
          ],
          "target": "shed_market_identity_vault"
        },
        {
          "text": "Carry the splicers' notes to the ledger window for safekeeping.",
          "effects": [
            {
              "type": "set_flag",
              "flag": "shed_market_quiet_window_noted",
              "value": true
            }
          ],
          "target": "shed_market_quiet_ledger_window"
        },
        {
          "text": "Return the borrowed tools before anyone panics.",
          "target": "shed_market_molting_appraisers"
        }
      ]
    },
    "shed_market_identity_vault": {
      "title": "Identity Vault",
      "text": "Shelves of sealed husks line a cooled vault, each tagged with testimony ribbons awaiting the amnesty filing.",
      "choices": [
        {
          "text": "Restore archived names to the crates they nearly lost.",
          "effects": [
            {
              "type": "set_flag",
              "flag": "shed_market_identity_vault_ordered",
              "value": true
            }
          ],
          "target": "shed_market_quiet_ledger_window"
        },
        {
          "text": "(Lumenar) Paint the shelves with gentle truthlight glyphs.",
          "condition": {
            "type": "has_tag",
            "value": "Lumenar"
          },
          "effects": [
            {
              "type": "set_flag",
              "flag": "shed_market_truthlight",
              "value": true
            }
          ],
          "target": "shed_market_quiet_ledger_window"
        },
        {
          "text": "Deliver the claim slip toward the proof counter queue.",
          "target": "shed_market_identity_proof_counter"
        },
        {
          "text": "Slip back to the appraisers' tables.",
          "target": "shed_market_molting_appraisers"
        }
      ]
    },
    "shed_market_identity_proof_counter": {
      "title": "Identity Proof Counter",
      "text": "Clerks flick between mirrored panes, confirming that each visitor's current face aligns with their consent braids before issuing passage tokens.",
      "choices": [
        {
          "text": "Submit the molting claim slip you secured from the vault.",
          "condition": {
            "type": "has_item",
            "value": "molting claim slip"
          },
          "effects": [
            {
              "type": "remove_item",
              "value": "molting claim slip"
            },
            {
              "type": "set_flag",
              "flag": "shed_market_identity_verified",
              "value": true
            }
          ],
          "target": "shed_market_charter_antechamber"
        },
        {
          "text": "(Arbiter) Cite market precedent guaranteeing provisional identity.",
          "condition": {
            "type": "has_tag",
            "value": "Arbiter"
          },
          "effects": [
            {
              "type": "rep_delta",
              "faction": "Quiet Ledger",
              "value": 1
            },
            {
              "type": "set_flag",
              "flag": "shed_market_identity_verified",
              "value": true
            }
          ],
          "target": "shed_market_charter_antechamber"
        },
        {
          "text": "(Lumenar) Cast a truthlight halo so the queue sees you clearly.",
          "condition": {
            "type": "has_tag",
            "value": "Lumenar"
          },
          "effects": [
            {
              "type": "set_flag",
              "flag": "shed_market_truthlight",
              "value": true
            },
            {
              "type": "set_flag",
              "flag": "shed_market_identity_verified",
              "value": true
            }
          ],
          "target": "shed_market_charter_antechamber"
        },
        {
          "text": "(Quiet Ledger 1+) Reference your ledger credit to vouch for the claim.",
          "condition": {
            "type": "rep_at_least",
            "faction": "Quiet Ledger",
            "value": 1
          },
          "effects": [
            {
              "type": "set_flag",
              "flag": "shed_market_identity_verified",
              "value": true
            }
          ],
          "target": "shed_market_charter_antechamber"
        },
        {
          "text": "Step away from the counter before deciding.",
          "target": "shed_market_metamorph_stalls"
        }
      ]
    },
    "shed_market_trickster_swapmeet": {
      "title": "Trickster Swapmeet",
      "text": "Performers juggle voice boxes and masks, demonstrating how to trade selves without breaking consent ledgers.",
      "choices": [
        {
          "text": "Juggle borrowed personas to relax the anxious queue.",
          "effects": [
            {
              "type": "set_flag",
              "flag": "shed_market_queue_calm",
              "value": true
            }
          ],
          "target": "shed_market_metamorph_stalls"
        },
        {
          "text": "(Trickster) Orchestrate a daring multi-mask trade for the waiting patrons.",
          "condition": {
            "type": "has_tag",
            "value": "Trickster"
          },
          "effects": [
            {
              "type": "rep_delta",
              "faction": "Quiet Ledger",
              "value": 1
            }
          ],
          "target": "shed_market_metamorph_stalls"
        },
        {
          "text": "Palm an unclaimed slip while everyone watches the routine.",
          "condition": {
            "type": "missing_item",
            "value": "molting claim slip"
          },
          "effects": [
            {
              "type": "add_item",
              "value": "molting claim slip"
            }
          ],
          "target": "shed_market_identity_proof_counter"
        },
        {
          "text": "Guide a jittery metamorph toward the Dreamwalker's seam.",
          "target": "mentor_dreamwalker_intro"
        }
      ]
    },
    "shed_market_emissary_forum": {
      "title": "Emissary Forum",
      "text": "Stallholders cluster beneath rotating husks, debating how the amnesty charter should protect visitors wearing borrowed faces tonight.",
      "choices": [
        {
          "text": "Draft a shared amnesty statement for the ledger clerks to review.",
          "effects": [
            {
              "type": "set_flag",
              "flag": "shed_market_emissary_signatories",
              "value": true
            }
          ],
          "target": "shed_market_quiet_ledger_window"
        },
        {
          "text": "(Emissary) Call in cross-hub observers to witness the pledges.",
          "condition": {
            "type": "has_tag",
            "value": "Emissary"
          },
          "effects": [
            {
              "type": "rep_delta",
              "faction": "Quiet Ledger",
              "value": 1
            },
            {
              "type": "set_flag",
              "flag": "shed_market_emissary_signatories",
              "value": true
            }
          ],
          "target": "shed_market_pledge_chorus"
        },
        {
          "text": "Ask the pledgers to rehearse within the pledge chorus alcove.",
          "target": "shed_market_pledge_chorus"
        },
        {
          "text": "Return to the metamorph stalls.",
          "target": "shed_market_metamorph_stalls"
        }
      ]
    },
    "shed_market_arbiter_lattice": {
      "title": "Arbiter Lattice",
      "text": "Threads of annotated precedent hang like a loom, each knot linking a past dispute about temporary selves to the current amnesty push.",
      "choices": [
        {
          "text": "Review testimonies until contradictions unravel into clarity.",
          "effects": [
            {
              "type": "set_flag",
              "flag": "shed_market_identity_precedent",
              "value": true
            }
          ],
          "target": "shed_market_quiet_ledger_window"
        },
        {
          "text": "(Arbiter) Issue a binding lattice affirming portable identities for the night.",
          "condition": {
            "type": "has_tag",
            "value": "Arbiter"
          },
          "effects": [
            {
              "type": "rep_delta",
              "faction": "Root Assembly",
              "value": 1
            },
            {
              "type": "set_flag",
              "flag": "shed_market_arbiter_signal",
              "value": true
            },
            {
              "type": "set_flag",
              "flag": "shed_market_identity_precedent",
              "value": true
            }
          ],
          "target": "shed_market_pledge_chorus"
        },
        {
          "text": "Forward the reconciled cases to the charter antechamber clerks.",
          "target": "shed_market_charter_antechamber"
        },
        {
          "text": "Return to the appraisers' worktables.",
          "target": "shed_market_molting_appraisers"
        }
      ]
    },
    "shed_market_lumenar_refraction": {
      "title": "Refraction Spines",
      "text": "Lumenar rods bloom over the stalls, bending light so every shifting face holds steady edges for the clerks watching from above.",
      "choices": [
        {
          "text": "Hang glow-sashed lanterns to make each metamorph legible.",
          "effects": [
            {
              "type": "set_flag",
              "flag": "shed_market_truthlight",
              "value": true
            }
          ],
          "target": "shed_market_quiet_ledger_window"
        },
        {
          "text": "(Lumenar) Weave a recognition halo that follows every borrowed face.",
          "condition": {
            "type": "has_tag",
            "value": "Lumenar"
          },
          "effects": [
            {
              "type": "rep_delta",
              "faction": "Quiet Ledger",
              "value": 1
            },
            {
              "type": "set_flag",
              "flag": "shed_market_truthlight",
              "value": true
            }
          ],
          "target": "shed_market_pledge_chorus"
        },
        {
          "text": "Channel the steady lights toward the Dreamwalker seam.",
          "target": "mentor_dreamwalker_intro"
        },
        {
          "text": "Return to the metamorph stalls below.",
          "target": "shed_market_metamorph_stalls"
        }
      ]
    },
    "shed_market_quiet_ledger_window": {
      "title": "Quiet Ledger Window",
      "text": "Clerks observe from a high window, annotating who has proof enough to carry a borrowed self beyond the market.",
      "choices": [
        {
          "text": "Submit reorganized testimonies for docketing.",
          "effects": [
            {
              "type": "rep_delta",
              "faction": "Quiet Ledger",
              "value": 1
            },
            {
              "type": "set_flag",
              "flag": "shed_market_quiet_window_noted",
              "value": true
            }
          ],
          "target": "shed_market_pledge_chorus"
        },
        {
          "text": "(Quiet Ledger 1+) Request an expedited amnesty docket for the night.",
          "condition": {
            "type": "rep_at_least",
            "faction": "Quiet Ledger",
            "value": 1
          },
          "effects": [
            {
              "type": "set_flag",
              "flag": "shed_market_identity_verified",
              "value": true
            }
          ],
          "target": "shed_market_charter_antechamber"
        },
        {
          "text": "Relay the pledgers toward the chorus alcove.",
          "target": "shed_market_pledge_chorus"
        },
        {
          "text": "Return to the identity vault for more records.",
          "target": "shed_market_identity_vault"
        }
      ]
    },
    "shed_market_pledge_chorus": {
      "title": "Pledge Chorus",
      "text": "An amphitheater of layered husks resounds with rehearsed introductions, each metamorph practicing their chosen name for the clerks.",
      "choices": [
        {
          "text": "Rehearse the pledge until every voice steadies on its new name.",
          "effects": [
            {
              "type": "set_flag",
              "flag": "shed_market_emissary_signatories",
              "value": true
            },
            {
              "type": "set_flag",
              "flag": "shed_market_chorus_rehearsed",
              "value": true
            }
          ],
          "target": "shed_market_pledge_chorus"
        },
        {
          "text": "(Trickster) Break the tension with quick improv masks.",
          "condition": {
            "type": "has_tag",
            "value": "Trickster"
          },
          "effects": [
            {
              "type": "set_flag",
              "flag": "shed_market_queue_calm",
              "value": true
            }
          ],
          "target": "shed_market_pledge_chorus"
        },
        {
          "text": "Lead the chorus toward the charter antechamber.",
          "target": "shed_market_charter_antechamber"
        },
        {
          "text": "Disperse back through the bazaar to recruit more voices.",
          "target": "shed_market_shed_bazaar"
        }
      ]
    },
    "shed_market_charter_antechamber": {
      "title": "Charter Antechamber",
      "text": "Clerks spread the night's petitions across a long table, waiting for proof bundles before forwarding them to the charter workshop.",
      "choices": [
        {
          "text": "File the reconciled docket with the charter clerks.",
          "condition": {
            "type": "flag_eq",
            "flag": "shed_market_identity_precedent",
            "value": true
          },
          "effects": [
            {
              "type": "set_flag",
              "flag": "shed_market_charter_compiled",
              "value": true
            }
          ],
          "target": "shed_market_charter_workshop"
        },
        {
          "text": "Seat the pledge chorus beneath luminous witness marks.",
          "condition": {
            "type": "flag_eq",
            "flag": "shed_market_truthlight",
            "value": true
          },
          "effects": [
            {
              "type": "set_flag",
              "flag": "shed_market_charter_illumined",
              "value": true
            }
          ],
          "target": "shed_market_charter_workshop"
        },
        {
          "text": "Sign the amnesty register alongside the pledge chorus.",
          "condition": {
            "type": "flag_eq",
            "flag": "shed_market_emissary_signatories",
            "value": true
          },
          "effects": [
            {
              "type": "set_flag",
              "flag": "shed_market_charter_signed",
              "value": true
            }
          ],
          "target": "shed_market_charter_workshop"
        },
        {
          "text": "Loop back through the pledge chorus to gather more support.",
          "target": "shed_market_pledge_chorus"
        }
      ]
    },
    "shed_market_identity_broker": {
      "title": "Identity Broker's Pavilion",
      "text": "Ledger-slates glow with columns of retired names while a broker smiles through three alternating faces, offering contracts for who you might become tonight.",
      "choices": [
        {
          "text": "Evaluate the ledger of molted names awaiting guardianship.",
          "effects": [
            {
              "type": "set_flag",
              "flag": "shed_market_broker_ledger",
              "value": true
            }
          ],
          "target": "shed_market_wandering_archive"
        },
        {
          "text": "(Lumenar) Ignite a truthlight to expose fraudulent moltings.",
          "condition": {
            "type": "has_tag",
            "value": "Lumenar"
          },
          "effects": [
            {
              "type": "rep_delta",
              "faction": "Quiet Ledger",
              "value": 1
            },
            {
              "type": "set_flag",
              "flag": "shed_market_truthlight",
              "value": true
            }
          ],
          "target": "shed_market_charter_workshop"
        },
        {
          "text": "Accept a borrowed persona for the evening crowd.",
          "effects": [
            {
              "type": "set_flag",
              "flag": "shed_market_borrowed_persona",
              "value": true
            }
          ],
          "target": "shed_market_molt_rally"
        },
        {
          "text": "Return to the bazaar thoroughfare.",
          "target": "shed_market_shed_bazaar"
        }
      ]
    },
    "shed_market_echo_arcade": {
      "title": "Echo Arcade",
      "text": "Curtained stalls pulse with murmured identities, resonance threads guiding whispers through hidden deal-mirrors.",
      "choices": [
        {
          "text": "Tune the hush chorus toward the ledger court to expose fraud.",
          "effects": [
            {
              "type": "rep_delta",
              "faction": "Quiet Ledger",
              "value": 1
            },
            {
              "type": "set_flag",
              "flag": "shed_market_echo_routes",
              "value": true
            }
          ],
          "target": "shed_market_ledger_court"
        },
        {
          "text": "Redirect the chorus toward Freehands caretakers awaiting relief.",
          "effects": [
            {
              "type": "rep_delta",
              "faction": "Freehands",
              "value": 1
            }
          ],
          "target": "shed_market_freehands_network"
        },
        {
          "text": "Slip back into the bazaar flow before the echoes shift.",
          "target": "shed_market_shed_bazaar"
        }
      ]
    },
    "shed_market_mask_gallery": {
      "title": "Mask Gallery",
      "text": "A gallery of borrowed visages glitters under lantern prisms, each mask whispering the memories it once carried.",
      "choices": [
        {
          "text": "Catalogue the masks for ledger archivists awaiting new exhibits.",
          "effects": [
            {
              "type": "rep_delta",
              "faction": "Quiet Ledger",
              "value": 1
            },
            {
              "type": "set_flag",
              "flag": "shed_market_mask_gallery",
              "value": true
            }
          ],
          "target": "shed_market_wandering_archive"
        },
        {
          "text": "Stage an impromptu lantern show to fund the mutual aid stall.",
          "effects": [
            {
              "type": "rep_delta",
              "faction": "Freehands",
              "value": 1
            }
          ],
          "target": "shed_market_freehands_network"
        },
        {
          "text": "Return the masks to their hooks and rejoin the bazaar.",
          "target": "shed_market_shed_bazaar"
        },
        {
          "text": "Bind the gallery's borrowed faces into a calm rotation you oversee.",
          "condition": {
            "type": "flag_eq",
            "flag": "shed_market_mask_gallery",
            "value": true
          },
          "effects": [
            {
              "type": "end_game",
              "value": "Maskbinder in Residence"
            }
          ],
          "target": "ending_bazaar_maskbinder"
        }
      ]
    },
    "shed_market_dreamway_coop": {
      "title": "Dreamway Mutual Aid Coop",
      "text": "Cocoons line a quiet alcove where healers and dreamwalkers weave shared rest for travelers molting new selves.",
      "choices": [
        {
          "text": "Coordinate shared dreams that guide aid to the overworked caretakers.",
          "effects": [
            {
              "type": "rep_delta",
              "faction": "Freehands",
              "value": 1
            },
            {
              "type": "set_flag",
              "flag": "shed_market_dreamway",
              "value": true
            }
          ],
          "target": "shed_market_cocoon_hostel"
        },
        {
          "text": "Record the restful patterns for Quiet Ledger stewards.",
          "effects": [
            {
              "type": "rep_delta",
              "faction": "Quiet Ledger",
              "value": 1
            }
          ],
          "target": "shed_market_quiet_ledger_fund"
        },
        {
          "text": "Wake gently and drift back to the bazaar.",
          "target": "shed_market_shed_bazaar"
        },
        {
          "text": "Head toward the market district exit.",
          "target": "shed_market_exit_plaza"
        }
      ]
    },
    "shed_market_shadow_exchange": {
      "title": "Shadow Exchange",
      "text": "Braided shade cords anchor contracts for shared silhouettes, clerks ensuring every traded shadow can still find its owner at dawn.",
      "choices": [
        {
          "text": "Study the contracts stitched from shade thread.",
          "effects": [
            {
              "type": "set_flag",
              "flag": "shed_market_shadow_studied",
              "value": true
            }
          ],
          "target": "shed_market_ledger_court"
        },
        {
          "text": "(Emissary) Broker mutual custody of a shared silhouette between travelers.",
          "condition": {
            "type": "has_tag",
            "value": "Emissary"
          },
          "effects": [
            {
              "type": "rep_delta",
              "faction": "Root Assembly",
              "value": 1
            },
            {
              "type": "set_flag",
              "flag": "shed_market_shadow_treaty",
              "value": true
            }
          ],
          "target": "shed_market_charter_workshop"
        },
        {
          "text": "Trade your shadow IOU for a market berth.",
          "condition": {
            "type": "has_item",
            "value": "shadow IOU"
          },
          "effects": [
            {
              "type": "remove_item",
              "value": "shadow IOU"
            },
            {
              "type": "unlock_start",
              "value": "market_of_skins_stall"
            },
            {
              "type": "set_flag",
              "flag": "shed_market_shadow_paid",
              "value": true
            }
          ],
          "target": "shed_market_cocoon_hostel"
        },
        {
          "text": "(Quiet Ledger 1+) Audit the shadow contracts to redirect patron funding.",
          "condition": {
            "type": "rep_at_least",
            "faction": "Quiet Ledger",
            "value": 1
          },
          "effects": [
            {
              "type": "set_flag",
              "flag": "shed_market_quiet_fund",
              "value": true
            }
          ],
          "target": "shed_market_quiet_ledger_fund"
        },
        {
          "text": "(Freehands 1+) Build a mutual aid loop for molt refugees waiting nearby.",
          "condition": {
            "type": "rep_at_least",
            "faction": "Freehands",
            "value": 1
          },
          "effects": [
            {
              "type": "set_flag",
              "flag": "shed_market_freehands_loop",
              "value": true
            }
          ],
          "target": "shed_market_freehands_network"
        },
        {
          "text": "Slip away toward the mirage canal.",
          "target": "shed_market_mirage_canal"
        }
      ]
    },
    "shed_market_quiet_ledger_fund": {
      "title": "Quiet Ledger Patron Hall",
      "text": "Ledger patrons weigh amber donations beside contracts, debating how to stabilize the bazaar's shifting identities.",
      "choices": [
        {
          "text": "Earmark funding for the charter workshop's legal support.",
          "effects": [
            {
              "type": "rep_delta",
              "faction": "Quiet Ledger",
              "value": 1
            },
            {
              "type": "set_flag",
              "flag": "shed_market_quiet_fund",
              "value": true
            }
          ],
          "target": "shed_market_charter_workshop"
        },
        {
          "text": "Divert a stipend toward the Freehands dreamway coop.",
          "effects": [
            {
              "type": "rep_delta",
              "faction": "Freehands",
              "value": 1
            }
          ],
          "target": "shed_market_freehands_network"
        },
        {
          "text": "Conclude the audit and return to the shadow exchange.",
          "target": "shed_market_shadow_exchange"
        },
        {
          "text": "Head toward the market district exit.",
          "target": "shed_market_exit_plaza"
        }
      ]
    },
    "shed_market_freehands_network": {
      "title": "Freehands Molt Network",
      "text": "Volunteers distribute shared skins, meal chits, and rest schedules to travelers awaiting their next self.",
      "choices": [
        {
          "text": "Coordinate aid packages with the dreamway coop.",
          "effects": [
            {
              "type": "rep_delta",
              "faction": "Freehands",
              "value": 1
            },
            {
              "type": "set_flag",
              "flag": "shed_market_freehands_loop",
              "value": true
            }
          ],
          "target": "shed_market_dreamway_coop"
        },
        {
          "text": "Report usage totals back to the Quiet Ledger patrons.",
          "effects": [
            {
              "type": "rep_delta",
              "faction": "Quiet Ledger",
              "value": 1
            }
          ],
          "target": "shed_market_quiet_ledger_fund"
        },
        {
          "text": "Return to the bazaar with renewed purpose.",
          "target": "shed_market_shed_bazaar"
        },
        {
          "text": "Leave the network offices and return to the main market.",
          "target": "shed_market_shed_bazaar"
        },
        {
          "text": "Head toward the market district exit.",
          "target": "shed_market_exit_plaza"
        }
      ]
    },
    "shed_market_name_lanterns": {
      "title": "Name Lantern Stream",
      "text": "Lanterns bob along a suspended canal, each etched with names gently retired, waiting for caretakers to walk beside them.",
      "choices": [
        {
          "text": "Trace the lanterns cataloging castoff monikers.",
          "effects": [
            {
              "type": "set_flag",
              "flag": "shed_market_lanterns_traced",
              "value": true
            }
          ],
          "target": "shed_market_wandering_archive"
        },
        {
          "text": "(Lumenar) Reignite a dim lantern so its bearer feels seen.",
          "condition": {
            "type": "has_tag",
            "value": "Lumenar"
          },
          "effects": [
            {
              "type": "rep_delta",
              "faction": "Quiet Ledger",
              "value": 1
            },
            {
              "type": "set_flag",
              "flag": "shed_market_lanterns_renewed",
              "value": true
            }
          ],
          "target": "shed_market_lumen_stage"
        },
        {
          "text": "(Trickster) Rearrange lantern order to spark conversations between strangers.",
          "condition": {
            "type": "has_tag",
            "value": "Trickster"
          },
          "effects": [
            {
              "type": "set_flag",
              "flag": "shed_market_lanterns_prank",
              "value": true
            }
          ],
          "target": "shed_market_molt_rally"
        },
        {
          "text": "Return to the bazaar.",
          "target": "shed_market_shed_bazaar"
        }
      ]
    },
    "shed_market_ledger_court": {
      "title": "Ledger Court",
      "text": "A circle of clerks and keepers review petitions for identity amnesty, quills scratching beside jars of shed voices.",
      "choices": [
        {
          "text": "Listen to the arbitrators weigh petitions.",
          "effects": [
            {
              "type": "set_flag",
              "flag": "shed_market_court_attended",
              "value": true
            }
          ],
          "target": "shed_market_charter_workshop"
        },
        {
          "text": "(Arbiter) Cite guest-law precedent for shared custody of a name.",
          "condition": {
            "type": "has_tag",
            "value": "Arbiter"
          },
          "effects": [
            {
              "type": "rep_delta",
              "faction": "Quiet Ledger",
              "value": 1
            },
            {
              "type": "set_flag",
              "flag": "shed_market_court_precedent",
              "value": true
            }
          ],
          "target": "shed_market_charter_workshop"
        },
        {
          "text": "(Emissary) Invite Aeol witnesses to endorse the ruling for other hubs.",
          "condition": {
            "type": "has_tag",
            "value": "Emissary"
          },
          "effects": [
            {
              "type": "rep_delta",
              "faction": "Aeol Nests",
              "value": 1
            },
            {
              "type": "set_flag",
              "flag": "shed_market_court_witnessed",
              "value": true
            }
          ],
          "target": "shed_market_molting_gate"
        },
        {
          "text": "Depart toward the shadow exchange.",
          "target": "shed_market_shadow_exchange"
        }
      ]
    },
    "shed_market_lumen_stage": {
      "title": "Lumen Stage",
      "text": "Performers shed light like cloaks, projecting constellations of the names they've retired while the crowd hums the chorus of who they became.",
      "choices": [
        {
          "text": "Watch luminaries shed borrowed glows across the crowd.",
          "effects": [
            {
              "type": "set_flag",
              "flag": "shed_market_stage_watched",
              "value": true
            }
          ],
          "target": "shed_market_name_lanterns"
        },
        {
          "text": "(Lumenar) Project your radiance to reveal hidden names ready for amnesty.",
          "condition": {
            "type": "has_tag",
            "value": "Lumenar"
          },
          "effects": [
            {
              "type": "rep_delta",
              "faction": "Quiet Ledger",
              "value": 1
            },
            {
              "type": "set_flag",
              "flag": "shed_market_truthlight",
              "value": true
            }
          ],
          "target": "shed_market_charter_workshop"
        },
        {
          "text": "(Trickster) Sync a playful echo that loosens tensions among traders.",
          "condition": {
            "type": "has_tag",
            "value": "Trickster"
          },
          "effects": [
            {
              "type": "rep_delta",
              "faction": "Freehands",
              "value": 1
            },
            {
              "type": "set_flag",
              "flag": "shed_market_stage_prank",
              "value": true
            }
          ],
          "target": "shed_market_molt_rally"
        },
        {
          "text": "Return to the bazaar.",
          "target": "shed_market_shed_bazaar"
        }
      ]
    },
    "shed_market_cocoon_hostel": {
      "title": "Cocoon Hostel",
      "text": "Suspended cocoons sway gently, each cradle hosting travelers between selves while caretakers brew teas that steady shifting identities.",
      "choices": [
        {
          "text": "Rest among the cocoons and listen to whispered rebirths.",
          "effects": [
            {
              "type": "set_flag",
              "flag": "shed_market_hostel_rest",
              "value": true
            }
          ],
          "target": "shed_market_shed_bazaar"
        },
        {
          "text": "(Emissary) Pair travelers with guides who knew their former selves.",
          "condition": {
            "type": "has_tag",
            "value": "Emissary"
          },
          "effects": [
            {
              "type": "rep_delta",
              "faction": "Quiet Ledger",
              "value": 1
            },
            {
              "type": "set_flag",
              "flag": "shed_market_hostel_matched",
              "value": true
            }
          ],
          "target": "shed_market_molt_rally"
        },
        {
          "text": "(Lumenar) Bathe the cocoons in steady glow so sleepers wake gently.",
          "condition": {
            "type": "has_tag",
            "value": "Lumenar"
          },
          "effects": [
            {
              "type": "set_flag",
              "flag": "shed_market_hostel_glow",
              "value": true
            }
          ],
          "target": "shed_market_name_lanterns"
        },
        {
          "text": "Seek the Dreamwalker tending the deepest cocoons.",
          "target": "mentor_dreamwalker_intro"
        },
        {
          "text": "Stay to run the cocoon rota and keep the teas brewing warm.",
          "condition": {
            "type": "flag_eq",
            "flag": "shed_market_hostel_rest",
            "value": true
          },
          "effects": [
            {
              "type": "end_game",
              "value": "Cocoon Hostel Caretaker"
            }
          ],
          "target": "ending_cocoon_host_caretaker"
        }
      ]
    },
    "shed_market_wandering_archive": {
      "title": "Wandering Archive",
      "text": "Archivists carry shelves on their backs, cataloging every traded name with footnotes on consent, continuity, and future claims.",
      "choices": [
        {
          "text": "Catalog the traded identities you recognized from other hubs.",
          "effects": [
            {
              "type": "set_flag",
              "flag": "shed_market_archive_catalogued",
              "value": true
            }
          ],
          "target": "shed_market_charter_workshop"
        },
        {
          "text": "(Arbiter) Flag contradictory contracts for renewed consent.",
          "condition": {
            "type": "has_tag",
            "value": "Arbiter"
          },
          "effects": [
            {
              "type": "rep_delta",
              "faction": "Quiet Ledger",
              "value": 1
            },
            {
              "type": "set_flag",
              "flag": "shed_market_archive_flagged",
              "value": true
            }
          ],
          "target": "shed_market_ledger_court"
        },
        {
          "text": "(Emissary) Add guest-law footnotes from other hubs to the archive.",
          "condition": {
            "type": "has_tag",
            "value": "Emissary"
          },
          "effects": [
            {
              "type": "rep_delta",
              "faction": "Root Assembly",
              "value": 1
            },
            {
              "type": "set_flag",
              "flag": "shed_market_archive_addendum",
              "value": true
            }
          ],
          "target": "shed_market_molt_rally"
        },
        {
          "text": "Slip through the shelves toward the mirage canal.",
          "target": "shed_market_mirage_canal"
        }
      ]
    },
    "shed_market_mirage_canal": {
      "title": "Mirage Canal",
      "text": "Water mirrors ripple with glimpses of who you might be tomorrow, ferriers steering gondolas shaped like shed skins.",
      "choices": [
        {
          "text": "Follow the mirrored water toward the rally of new names.",
          "effects": [
            {
              "type": "set_flag",
              "flag": "shed_market_canal_traced",
              "value": true
            }
          ],
          "target": "shed_market_molt_rally"
        },
        {
          "text": "(Trickster) Send ripples carrying secret jokes about past selves.",
          "condition": {
            "type": "has_tag",
            "value": "Trickster"
          },
          "effects": [
            {
              "type": "rep_delta",
              "faction": "Freehands",
              "value": 1
            },
            {
              "type": "set_flag",
              "flag": "shed_market_canal_prank",
              "value": true
            }
          ],
          "target": "shed_market_lumen_stage"
        },
        {
          "text": "(Emissary) Lead visiting dignitaries safely along the reflections.",
          "condition": {
            "type": "has_tag",
            "value": "Emissary"
          },
          "effects": [
            {
              "type": "rep_delta",
              "faction": "Aeol Nests",
              "value": 1
            },
            {
              "type": "set_flag",
              "flag": "shed_market_canal_guided",
              "value": true
            }
          ],
          "target": "shed_market_molting_gate"
        },
        {
          "text": "Return to the shadow exchange.",
          "target": "shed_market_shadow_exchange"
        }
      ]
    },
    "shed_market_molt_rally": {
      "title": "Molt Rally",
      "text": "Crowds celebrate as travelers trade sashes of past achievements, drafting accords to carry multiple selves respectfully.",
      "choices": [
        {
          "text": "Join the crowd exchanging borrowed selves and swap stories.",
          "effects": [
            {
              "type": "set_flag",
              "flag": "shed_market_rally_joined",
              "value": true
            }
          ],
          "target": "shed_market_shed_bazaar"
        },
        {
          "text": "(Emissary) Draft a pact for portable identities recognized across hubs.",
          "condition": {
            "type": "has_tag",
            "value": "Emissary"
          },
          "effects": [
            {
              "type": "rep_delta",
              "faction": "Quiet Ledger",
              "value": 1
            },
            {
              "type": "set_flag",
              "flag": "shed_market_emissary_signatories",
              "value": true
            }
          ],
          "target": "shed_market_charter_workshop"
        },
        {
          "text": "(Arbiter) Ensure each persona is archived with consent before release.",
          "condition": {
            "type": "has_tag",
            "value": "Arbiter"
          },
          "effects": [
            {
              "type": "rep_delta",
              "faction": "Root Assembly",
              "value": 1
            },
            {
              "type": "set_flag",
              "flag": "shed_market_rally_arbitered",
              "value": true
            }
          ],
          "target": "shed_market_wandering_archive"
        },
        {
          "text": "(Lumenar) Raise a lantern chorus to celebrate every change.",
          "condition": {
            "type": "has_tag",
            "value": "Lumenar"
          },
          "effects": [
            {
              "type": "set_flag",
              "flag": "shed_market_rally_lit",
              "value": true
            }
          ],
          "target": "shed_market_lumen_stage"
        }
      ]
    },
    "shed_market_charter_workshop": {
      "title": "Charter Workshop",
      "text": "Tables overflow with petitions, testimony ribbons, and blank charters awaiting signatures for the Amnesty of Names.",
      "choices": [
        {
          "text": "Compile testimonies from the bazaar disputes.",
          "condition": {
            "type": "flag_eq",
            "flag": "shed_market_arbiter_signal",
            "value": true
          },
          "effects": [
            {
              "type": "set_flag",
              "flag": "shed_market_charter_compiled",
              "value": true
            }
          ],
          "target": "shed_market_charter_workshop"
        },
        {
          "text": "Infuse the charter with truthlight sigils.",
          "condition": {
            "type": "flag_eq",
            "flag": "shed_market_truthlight",
            "value": true
          },
          "effects": [
            {
              "type": "set_flag",
              "flag": "shed_market_charter_illumined",
              "value": true
            }
          ],
          "target": "shed_market_charter_workshop"
        },
        {
          "text": "Gather signatories from the rally of portable identities.",
          "condition": {
            "type": "flag_eq",
            "flag": "shed_market_emissary_signatories",
            "value": true
          },
          "effects": [
            {
              "type": "set_flag",
              "flag": "shed_market_charter_signed",
              "value": true
            }
          ],
          "target": "shed_market_charter_workshop"
        },
        {
          "text": "Proclaim the Amnesty of Names across the market.",
          "condition": {
            "type": "flag_eq",
            "flag": "shed_market_charter_signed",
            "value": true
          },
          "effects": [
            {
              "type": "end_game",
              "value": "Amnesty of Names"
            }
          ],
          "target": "ending_amnesty_of_names"
        },
        {
          "text": "Step back to the bazaar.",
          "target": "shed_market_shed_bazaar"
        }
      ]
    },
    "ending_market_steward": {
      "title": "Market Steward Rotation",
      "text": "You file the steward rota you drafted and stay to pilot the first market shift.\nPetitioners cycle through benches you rebalanced, clerks rotating before tempers fray.\nBy evening the Root Assembly posts your schedule as standard practice."
    },
    "ending_shed_market_retirement": {
      "title": "Shed Market Rotation Keeper",
      "text": "You hang your final borrowed mask above the bazaar and settle into the rotation desk.\nMolting patrons check in for husks and histories, trading favors you reconcile without fuss.\nBy closing bell the Quiet Ledger stamps you as permanent steward of the shed stalls."
    },
    "shed_market_exit_plaza": {
      "title": "Market District Exit Plaza",
      "text": "At the edge of the Shed Skins district, a transit plaza provides connections to the broader archipelago. Identity verification stations ensure travelers can carry their chosen personas beyond the market boundaries.\n\nTransport options connect to major hubs throughout the islands.",
      "choices": [
        {
          "text": "Board transport to the Startways Nexus.",
          "target": "startways_nexus"
        },
        {
          "text": "Take the route toward the Root Assembly territories.",
          "target": "root_tangle_market"
        },
        {
          "text": "Return to the market district.",
          "target": "shed_market_shed_bazaar"
        }
      ]
    }
  },
  "starts": [
    {
      "id": "market_of_skins_stall",
      "title": "Market of Shed Skins Stall",
      "locked_title": "Market of Shed Skins Stall (Locked)",
      "node": "shed_market_shed_bazaar",
      "tags": [
        "Trickster",
        "Lumenar"
      ],
      "locked": true,
      "blurb": "Run a stall within the Market of Shed Skins. Masks and bargains pivot identities mid-stride."
    }
  ]
}
