{
  "_metadata": {
    "description": "Content module index for Patchwork Isles",
    "total_modules": 75,
    "created": "auto-generated"
  },
  "modules": [
    {
      "id": "tutorial",
      "name": "Tutorial Island",
      "description": "Content module for tutorial area",
      "file": "tutorial.json",
      "dependencies": [],
      "node_count": 10,
      "start_count": 1,
      "tags": [],
      "factions": []
    },
    {
      "id": "sky",
      "name": "Sky",
      "description": "Content module for sky area",
      "file": "sky.json",
      "dependencies": [],
      "node_count": 1,
      "start_count": 3,
      "tags": [
        "Emissary",
        "Sneaky"
      ],
      "factions": [
        "Aeol Nests",
        "Root Assembly"
      ]
    },
    {
      "id": "root",
      "name": "Root Assembly Areas",
      "description": "Content module for root area",
      "file": "root.json",
      "dependencies": [],
      "node_count": 15,
      "start_count": 1,
      "tags": [
        "Arbiter",
        "Archivist",
        "Emissary",
        "Healer",
        "Mediator",
        "Resonant",
        "Root-Speaker",
        "Weaver"
      ],
      "factions": [
        "Aeol Nests",
        "Freehands",
        "Prism Cartel",
        "Quiet Ledger",
        "Root Assembly"
      ]
    },
    {
      "id": "prism",
      "name": "Prism Cartel Areas",
      "description": "Content module for prism area",
      "file": "prism.json",
      "dependencies": [],
      "node_count": 3,
      "start_count": 0,
      "tags": [
        "Cartographer",
        "Emissary",
        "Resonant",
        "Tinkerer"
      ],
      "factions": [
        "Prism Cartel",
        "Root Assembly"
      ]
    },
    {
      "id": "guestlaw",
      "name": "Guestlaw",
      "description": "Content module for guestlaw area",
      "file": "guestlaw.json",
      "dependencies": [],
      "node_count": 1,
      "start_count": 0,
      "tags": [
        "Arbiter"
      ],
      "factions": [
        "Prism Cartel",
        "Root Assembly"
      ]
    },
    {
      "id": "luminous",
      "name": "Luminous",
      "description": "Content module for luminous area",
      "file": "luminous.json",
      "dependencies": [],
      "node_count": 1,
      "start_count": 0,
      "tags": [
        "Healer",
        "Lumenar"
      ],
      "factions": [
        "Aeol Nests",
        "Freehands"
      ]
    },
    {
      "id": "ending",
      "name": "Story Endings",
      "description": "Content module for ending area",
      "file": "ending.json",
      "dependencies": [],
      "node_count": 33,
      "start_count": 0,
      "tags": [],
      "factions": []
    },
    {
      "id": "startways",
      "name": "Startways",
      "description": "Content module for startways area",
      "file": "startways.json",
      "dependencies": [],
      "node_count": 1,
      "start_count": 0,
      "tags": [],
      "factions": []
    },
    {
      "id": "nexus",
      "name": "Nexus",
      "description": "Content module for nexus area",
      "file": "nexus.json",
      "dependencies": [],
      "node_count": 5,
      "start_count": 0,
      "tags": [
        "Cartographer",
        "Dreamwalker",
        "Healer",
        "Resonant",
        "Root-Speaker",
        "Sneaky",
        "Storm-Conductor"
      ],
      "factions": [
        "Aeol Nests",
        "Freehands",
        "Quiet Ledger",
        "Root Assembly"
      ]
    },
    {
      "id": "moon_eel",
      "name": "Moon-Eel Suburbs",
      "description": "Content module for moon_eel area",
      "file": "moon_eel.json",
      "dependencies": [],
      "node_count": 1,
      "start_count": 1,
      "tags": [
        "Tide-Singer"
      ],
      "factions": []
    },
    {
      "id": "storm_rail",
      "name": "Storm Rail Network",
      "description": "Content module for storm_rail area",
      "file": "storm_rail.json",
      "dependencies": [],
      "node_count": 1,
      "start_count": 1,
      "tags": [
        "Storm-Conductor"
      ],
      "factions": []
    },
    {
      "id": "saltglass",
      "name": "Saltglass",
      "description": "Content module for saltglass area",
      "file": "saltglass.json",
      "dependencies": [],
      "node_count": 17,
      "start_count": 1,
      "tags": [
        "Cartographer",
        "Glasswright",
        "Lumenar",
        "Resonant",
        "Root-Speaker",
        "Scout",
        "Sneaky",
        "Storm-Conductor",
        "Tinkerer"
      ],
      "factions": [
        "Aeol Nests",
        "Freehands",
        "Prism Cartel",
        "Quiet Ledger",
        "Root Assembly"
      ]
    },
    {
      "id": "mentor",
      "name": "Mentor",
      "description": "Content module for mentor area",
      "file": "mentor.json",
      "dependencies": [],
      "node_count": 16,
      "start_count": 0,
      "tags": [
        "Arbiter",
        "Cartographer",
        "Dreamwalker",
        "Emissary",
        "Glasswright",
        "Healer",
        "Lumenar",
        "Resonant",
        "Rift-Skipper",
        "Scout",
        "Sneaky",
        "Storm-Conductor",
        "Tide-Singer",
        "Tinkerer",
        "Trickster"
      ],
      "factions": [
        "Aeol Nests",
        "Quiet Ledger"
      ]
    },
    {
      "id": "cloud_burrow",
      "name": "Cloud-Burrow Lofts",
      "description": "Content module for cloud_burrow area",
      "file": "cloud_burrow.json",
      "dependencies": [],
      "node_count": 21,
      "start_count": 1,
      "tags": [
        "Arbiter",
        "Cartographer",
        "Emissary",
        "Healer",
        "Resonant",
        "Scout",
        "Sneaky",
        "Storm-Conductor",
        "Weaver"
      ],
      "factions": [
        "Aeol Nests",
        "Freehands",
        "Quiet Ledger",
        "Root Assembly"
      ]
    },
    {
      "id": "amber",
      "name": "Amber",
      "description": "Content module for amber area",
      "file": "amber.json",
      "dependencies": [],
      "node_count": 16,
      "start_count": 0,
      "tags": [
        "Archivist",
        "Dreamwalker",
        "Healer",
        "Resonant",
        "Scout",
        "Trickster",
        "Weaver"
      ],
      "factions": [
        "Freehands",
        "Quiet Ledger"
      ]
    },
    {
      "id": "amber_barge",
      "name": "Amber Barge Routes",
      "description": "Content module for amber_barge area",
      "file": "amber_barge.json",
      "dependencies": [],
      "node_count": 1,
      "start_count": 1,
      "tags": [
        "Archivist",
        "Healer"
      ],
      "factions": []
    },
    {
      "id": "market",
      "name": "Market Areas",
      "description": "Content module for market area",
      "file": "market.json",
      "dependencies": [],
      "node_count": 32,
      "start_count": 1,
      "tags": [
        "Arbiter",
        "Dreamwalker",
        "Emissary",
        "Healer",
        "Lumenar",
        "Resonant",
        "Sneaky",
        "Trickster"
      ],
      "factions": [
        "Aeol Nests",
        "Freehands",
        "Quiet Ledger",
        "Root Assembly"
      ]
    },
    {
      "id": "orchard",
      "name": "Memory Orchards",
      "description": "Content module for orchard area",
      "file": "orchard.json",
      "dependencies": [],
      "node_count": 2,
      "start_count": 1,
      "tags": [
        "Cartographer",
        "Resonant"
      ],
      "factions": [
        "Quiet Ledger"
      ]
    },
    {
      "id": "starfallen",
      "name": "Starfallen",
      "description": "Content module for starfallen area",
      "file": "starfallen.json",
      "dependencies": [],
      "node_count": 17,
      "start_count": 0,
      "tags": [
        "Cartographer",
        "Dreamwalker",
        "Glasswright",
        "Healer",
        "Resonant",
        "Root-Speaker",
        "Tide-Singer"
      ],
      "factions": [
        "Freehands",
        "Prism Cartel",
        "Quiet Ledger",
        "Root Assembly"
      ]
    },
    {
      "id": "singing_depths",
      "name": "Singing Depths",
      "description": "Content module for singing_depths area",
      "file": "singing_depths.json",
      "dependencies": [],
      "node_count": 38,
      "start_count": 1,
      "tags": [
        "Crystal-Harmonized",
        "Crystal-Scribe",
        "Crystal-Shaper",
        "Deep-Listener",
        "Echo-Attuned",
        "Healer",
        "Moss-Speaker",
        "Resonance-Healer",
        "Scout",
        "Wound-Listener"
      ],
      "factions": [
        "Deep Resonance"
      ]
    },
    {
      "id": "crystalline_reaches",
      "name": "Crystalline Reaches",
      "description": "Content module for crystalline_reaches area",
      "file": "crystalline_reaches.json",
      "dependencies": [],
      "node_count": 24,
      "start_count": 1,
      "tags": [
        "Ancient-Scholar",
        "Crystal-Attuned",
        "Crystal-Shaper",
        "Light-Bender",
        "Master-Crystal-Shaper",
        "Memory-Keeper",
        "Scout",
        "Tinkerer"
      ],
      "factions": [
        "Crystal Singers"
      ]
    },
    {
      "id": "underground",
      "name": "Underground",
      "description": "Content module for underground area",
      "file": "underground.json",
      "dependencies": [],
      "node_count": 1,
      "start_count": 0,
      "tags": [],
      "factions": []
    },
    {
      "id": "elevated",
      "name": "Elevated",
      "description": "Content module for elevated area",
      "file": "elevated.json",
      "dependencies": [],
      "node_count": 1,
      "start_count": 0,
      "tags": [],
      "factions": []
    },
    {
      "id": "political",
      "name": "Political",
      "description": "Content module for political area",
      "file": "political.json",
      "dependencies": [],
      "node_count": 1,
      "start_count": 0,
      "tags": [],
      "factions": []
    },
    {
      "id": "economic",
      "name": "Economic",
      "description": "Content module for economic area",
      "file": "economic.json",
      "dependencies": [],
      "node_count": 1,
      "start_count": 0,
      "tags": [],
      "factions": []
    },
    {
      "id": "exploration",
      "name": "Exploration",
      "description": "Content module for exploration area",
      "file": "exploration.json",
      "dependencies": [],
      "node_count": 1,
      "start_count": 0,
      "tags": [],
      "factions": []
    },
    {
      "id": "infrastructure",
      "name": "Infrastructure",
      "description": "Content module for infrastructure area",
      "file": "infrastructure.json",
      "dependencies": [],
      "node_count": 1,
      "start_count": 0,
      "tags": [],
      "factions": []
    },
    {
      "id": "investigate",
      "name": "Investigate",
      "description": "Content module for investigate area",
      "file": "investigate.json",
      "dependencies": [],
      "node_count": 2,
      "start_count": 0,
      "tags": [],
      "factions": []
    },
    {
      "id": "examine",
      "name": "Examine",
      "description": "Content module for examine area",
      "file": "examine.json",
      "dependencies": [],
      "node_count": 1,
      "start_count": 0,
      "tags": [],
      "factions": []
    },
    {
      "id": "descend",
      "name": "Descend",
      "description": "Content module for descend area",
      "file": "descend.json",
      "dependencies": [],
      "node_count": 1,
      "start_count": 0,
      "tags": [],
      "factions": []
    },
    {
      "id": "track",
      "name": "Track",
      "description": "Content module for track area",
      "file": "track.json",
      "dependencies": [],
      "node_count": 1,
      "start_count": 0,
      "tags": [],
      "factions": []
    },
    {
      "id": "learn",
      "name": "Learn",
      "description": "Content module for learn area",
      "file": "learn.json",
      "dependencies": [],
      "node_count": 2,
      "start_count": 0,
      "tags": [],
      "factions": []
    },
    {
      "id": "explore",
      "name": "Explore",
      "description": "Content module for explore area",
      "file": "explore.json",
      "dependencies": [],
      "node_count": 3,
      "start_count": 0,
      "tags": [],
      "factions": []
    },
    {
      "id": "uncover",
      "name": "Uncover",
      "description": "Content module for uncover area",
      "file": "uncover.json",
      "dependencies": [],
      "node_count": 2,
      "start_count": 0,
      "tags": [],
      "factions": []
    },
    {
      "id": "analyze",
      "name": "Analyze",
      "description": "Content module for analyze area",
      "file": "analyze.json",
      "dependencies": [],
      "node_count": 2,
      "start_count": 0,
      "tags": [],
      "factions": []
    },
    {
      "id": "interview",
      "name": "Interview",
      "description": "Content module for interview area",
      "file": "interview.json",
      "dependencies": [],
      "node_count": 1,
      "start_count": 0,
      "tags": [],
      "factions": []
    },
    {
      "id": "report",
      "name": "Report",
      "description": "Content module for report area",
      "file": "report.json",
      "dependencies": [],
      "node_count": 1,
      "start_count": 0,
      "tags": [],
      "factions": []
    },
    {
      "id": "confront",
      "name": "Confront",
      "description": "Content module for confront area",
      "file": "confront.json",
      "dependencies": [],
      "node_count": 1,
      "start_count": 0,
      "tags": [],
      "factions": []
    },
    {
      "id": "challenge",
      "name": "Challenge",
      "description": "Content module for challenge area",
      "file": "challenge.json",
      "dependencies": [],
      "node_count": 1,
      "start_count": 0,
      "tags": [],
      "factions": []
    },
    {
      "id": "negotiate",
      "name": "Negotiate",
      "description": "Content module for negotiate area",
      "file": "negotiate.json",
      "dependencies": [],
      "node_count": 1,
      "start_count": 0,
      "tags": [],
      "factions": []
    },
    {
      "id": "organize",
      "name": "Organize",
      "description": "Content module for organize area",
      "file": "organize.json",
      "dependencies": [],
      "node_count": 1,
      "start_count": 0,
      "tags": [],
      "factions": []
    },
    {
      "id": "technical",
      "name": "Technical",
      "description": "Content module for technical area",
      "file": "technical.json",
      "dependencies": [],
      "node_count": 1,
      "start_count": 0,
      "tags": [],
      "factions": []
    },
    {
      "id": "attempt",
      "name": "Attempt",
      "description": "Content module for attempt area",
      "file": "attempt.json",
      "dependencies": [],
      "node_count": 4,
      "start_count": 0,
      "tags": [],
      "factions": []
    },
    {
      "id": "emergency",
      "name": "Emergency",
      "description": "Content module for emergency area",
      "file": "emergency.json",
      "dependencies": [],
      "node_count": 1,
      "start_count": 0,
      "tags": [],
      "factions": []
    },
    {
      "id": "defensive",
      "name": "Defensive",
      "description": "Content module for defensive area",
      "file": "defensive.json",
      "dependencies": [],
      "node_count": 1,
      "start_count": 0,
      "tags": [],
      "factions": []
    },
    {
      "id": "defend",
      "name": "Defend",
      "description": "Content module for defend area",
      "file": "defend.json",
      "dependencies": [],
      "node_count": 1,
      "start_count": 0,
      "tags": [],
      "factions": []
    },
    {
      "id": "demand",
      "name": "Demand",
      "description": "Content module for demand area",
      "file": "demand.json",
      "dependencies": [],
      "node_count": 1,
      "start_count": 0,
      "tags": [],
      "factions": []
    },
    {
      "id": "seek",
      "name": "Seek",
      "description": "Content module for seek area",
      "file": "seek.json",
      "dependencies": [],
      "node_count": 1,
      "start_count": 0,
      "tags": [],
      "factions": []
    },
    {
      "id": "plan",
      "name": "Plan",
      "description": "Content module for plan area",
      "file": "plan.json",
      "dependencies": [],
      "node_count": 2,
      "start_count": 0,
      "tags": [],
      "factions": []
    },
    {
      "id": "envision",
      "name": "Envision",
      "description": "Content module for envision area",
      "file": "envision.json",
      "dependencies": [],
      "node_count": 1,
      "start_count": 0,
      "tags": [],
      "factions": []
    },
    {
      "id": "identify",
      "name": "Identify",
      "description": "Content module for identify area",
      "file": "identify.json",
      "dependencies": [],
      "node_count": 1,
      "start_count": 0,
      "tags": [],
      "factions": []
    },
    {
      "id": "locate",
      "name": "Locate",
      "description": "Content module for locate area",
      "file": "locate.json",
      "dependencies": [],
      "node_count": 3,
      "start_count": 0,
      "tags": [],
      "factions": []
    },
    {
      "id": "rescue",
      "name": "Rescue",
      "description": "Content module for rescue area",
      "file": "rescue.json",
      "dependencies": [],
      "node_count": 1,
      "start_count": 0,
      "tags": [],
      "factions": []
    },
    {
      "id": "develop",
      "name": "Develop",
      "description": "Content module for develop area",
      "file": "develop.json",
      "dependencies": [],
      "node_count": 1,
      "start_count": 0,
      "tags": [],
      "factions": []
    },
    {
      "id": "implement",
      "name": "Implement",
      "description": "Content module for implement area",
      "file": "implement.json",
      "dependencies": [],
      "node_count": 1,
      "start_count": 0,
      "tags": [],
      "factions": []
    },
    {
      "id": "triage",
      "name": "Triage",
      "description": "Content module for triage area",
      "file": "triage.json",
      "dependencies": [],
      "node_count": 1,
      "start_count": 0,
      "tags": [],
      "factions": []
    },
    {
      "id": "prepare",
      "name": "Prepare",
      "description": "Content module for prepare area",
      "file": "prepare.json",
      "dependencies": [],
      "node_count": 2,
      "start_count": 0,
      "tags": [],
      "factions": []
    },
    {
      "id": "initiate",
      "name": "Initiate",
      "description": "Content module for initiate area",
      "file": "initiate.json",
      "dependencies": [],
      "node_count": 1,
      "start_count": 0,
      "tags": [],
      "factions": []
    },
    {
      "id": "floating_academy",
      "name": "Floating Academy",
      "description": "Content module for floating_academy area",
      "file": "floating_academy.json",
      "dependencies": [],
      "node_count": 1,
      "start_count": 1,
      "tags": [],
      "factions": []
    },
    {
      "id": "temporal_garden",
      "name": "Temporal Gardens",
      "description": "Content module for temporal_garden area",
      "file": "temporal_garden.json",
      "dependencies": [],
      "node_count": 1,
      "start_count": 1,
      "tags": [],
      "factions": []
    },
    {
      "id": "shadow_marsh",
      "name": "Shadow Marshes",
      "description": "Content module for shadow_marsh area",
      "file": "shadow_marsh.json",
      "dependencies": [],
      "node_count": 1,
      "start_count": 1,
      "tags": [],
      "factions": []
    },
    {
      "id": "void_reaches",
      "name": "Void Reaches",
      "description": "Content module for void_reaches area",
      "file": "void_reaches.json",
      "dependencies": [],
      "node_count": 1,
      "start_count": 1,
      "tags": [],
      "factions": []
    },
    {
      "id": "tidal_sanctum",
      "name": "Tidal Sanctum",
      "description": "Content module for tidal_sanctum area",
      "file": "tidal_sanctum.json",
      "dependencies": [],
      "node_count": 1,
      "start_count": 1,
      "tags": [],
      "factions": []
    },
    {
      "id": "expose",
      "name": "Expose",
      "description": "Content module for expose area",
      "file": "expose.json",
      "dependencies": [],
      "node_count": 1,
      "start_count": 0,
      "tags": [],
      "factions": []
    },
    {
      "id": "community",
      "name": "Community",
      "description": "Content module for community area",
      "file": "community.json",
      "dependencies": [],
      "node_count": 1,
      "start_count": 0,
      "tags": [],
      "factions": []
    },
    {
      "id": "build",
      "name": "Build",
      "description": "Content module for build area",
      "file": "build.json",
      "dependencies": [],
      "node_count": 1,
      "start_count": 0,
      "tags": [],
      "factions": []
    },
    {
      "id": "gather",
      "name": "Gather",
      "description": "Content module for gather area",
      "file": "gather.json",
      "dependencies": [],
      "node_count": 1,
      "start_count": 0,
      "tags": [],
      "factions": []
    },
    {
      "id": "extract",
      "name": "Extract",
      "description": "Content module for extract area",
      "file": "extract.json",
      "dependencies": [],
      "node_count": 1,
      "start_count": 0,
      "tags": [],
      "factions": []
    },
    {
      "id": "allocate",
      "name": "Allocate",
      "description": "Content module for allocate area",
      "file": "allocate.json",
      "dependencies": [],
      "node_count": 1,
      "start_count": 0,
      "tags": [],
      "factions": []
    },
    {
      "id": "sabotage",
      "name": "Sabotage",
      "description": "Content module for sabotage area",
      "file": "sabotage.json",
      "dependencies": [],
      "node_count": 1,
      "start_count": 0,
      "tags": [],
      "factions": []
    },
    {
      "id": "assess",
      "name": "Assess",
      "description": "Content module for assess area",
      "file": "assess.json",
      "dependencies": [],
      "node_count": 2,
      "start_count": 0,
      "tags": [],
      "factions": []
    },
    {
      "id": "calculate",
      "name": "Calculate",
      "description": "Content module for calculate area",
      "file": "calculate.json",
      "dependencies": [],
      "node_count": 1,
      "start_count": 0,
      "tags": [],
      "factions": []
    },
    {
      "id": "coordinate",
      "name": "Coordinate",
      "description": "Content module for coordinate area",
      "file": "coordinate.json",
      "dependencies": [],
      "node_count": 1,
      "start_count": 0,
      "tags": [],
      "factions": []
    },
    {
      "id": "execute",
      "name": "Execute",
      "description": "Content module for execute area",
      "file": "execute.json",
      "dependencies": [],
      "node_count": 1,
      "start_count": 0,
      "tags": [],
      "factions": []
    },
    {
      "id": "balance",
      "name": "Balance",
      "description": "Content module for balance area",
      "file": "balance.json",
      "dependencies": [],
      "node_count": 1,
      "start_count": 0,
      "tags": [],
      "factions": []
    }
  ]
}
