{
  "_module_info": {
    "id": "moon_eel",
    "name": "Moon-Eel Suburbs",
    "description": "Content module for moon_eel area",
    "dependencies": [],
    "tags": [
      "Tide-Singer"
    ],
    "factions": [],
    "node_count": 1,
    "start_count": 1
  },
  "nodes": {
    "moon_eel_intro": {
      "title": "Moon-Eel Suburb",
      "text": "Aquatic tenements cling inside a moon-eel's ribcage, their windows pulsing with low tide glow. Residents ferry messages along bubble elevators and whisper of Startways favors.",
      "choices": [
        {
          "text": "Slip along canal spines toward the Startways Nexus.",
          "target": "startways_nexus"
        },
        {
          "text": "Navigate the flood channels toward the luminous grotto.",
          "target": "luminous_grotto"
        },
        {
          "text": "Glide along bubble elevators toward the cocoon hostel.",
          "target": "shed_market_cocoon_hostel"
        },
        {
          "text": "(Tide-Singer) Harmonize the tide glow to open a quiet retreat toward the Amber Tides cloister.",
          "condition": {
            "type": "has_tag",
            "value": "Tide-Singer"
          },
          "target": "amber_tides_tide_cloister"
        },
        {
          "text": "Stay on to curate the ribcage guesthouse and mind the tide diaries.",
          "condition": {
            "type": "flag_eq",
            "flag": "moon_eel_soothed",
            "value": true
          },
          "effects": [
            {
              "type": "end_game",
              "value": "Moon-Eel Guest Curator"
            }
          ],
          "target": "ending_moon_eel_guest"
        }
      ]
    }
  },
  "starts": [
    {
      "id": "moon_eel_suburb",
      "title": "Moon-Eel Suburb",
      "locked_title": "Moon-Eel Suburb (Locked)",
      "node": "moon_eel_intro",
      "tags": [
        "Sneaky",
        "Healer"
      ],
      "locked": true,
      "blurb": "Swim the moon-eel canals collecting tidal favors. Resonant insight navigates shifting currents."
    }
  ]
}
