{
  "_module_info": {
    "id": "plan",
    "name": "Plan",
    "description": "Content module for plan area",
    "dependencies": [],
    "tags": [],
    "factions": [],
    "node_count": 2,
    "start_count": 0
  },
  "nodes": {
    "plan_security_measures": {
      "title": "Defensive Planning",
      "description": "The traders' faces grow serious as they consider threats: 'The Cartel won't let us organize without retaliation,' one warns. 'We'll need security for our facilities, protection for our families, and contingency plans if they try to destroy us through sabotage or intimidation.'",
      "tags": [
        "Economic",
        "Security",
        "Planning"
      ],
      "choices": [
        {
          "text": "'We should coordinate with infrastructure security teams.'",
          "target": "defensive_measures"
        },
        {
          "text": "'Document everything - make their actions public.'",
          "target": "prepare_evidence_campaign"
        },
        {
          "text": "'Maybe we need to reconsider direct confrontation.'",
          "target": "negotiate_compromise"
        },
        {
          "text": "'This is getting dangerous. I need to coordinate with other crisis teams.'",
          "target": "startways_nexus"
        }
      ]
    },
    "plan_technical_timeline": {
      "id": "plan_technical_timeline",
      "title": "Plan Technical Timeline",
      "text": "[This is an auto-generated placeholder for the missing 'plan_technical_timeline' location.] This location exists in the story but its content hasn't been written yet.",
      "choices": [
        {
          "text": "Continue the story (return to a safe location)",
          "target": "tutorial_arrival_beach"
        }
      ],
      "_auto_generated": true,
      "_generation_reason": "Missing node referenced by: Node 'develop_countermeasures' choice 0"
    }
  },
  "starts": []
}
