{
  "_module_info": {
    "id": "report",
    "name": "Report",
    "description": "Content module for report area",
    "dependencies": [],
    "tags": [],
    "factions": [],
    "node_count": 1,
    "start_count": 0
  },
  "nodes": {
    "report_initial_findings": {
      "title": "Briefing the Assembly",
      "description": "You present your initial findings to the emergency Assembly session. The chamber erupts in concerned murmurs as you describe the evidence of conspiracy and coordinated attacks. Acting Speaker Thorn calls for immediate action: 'If this conspiracy is real, then all our separate crisis responses need to coordinate immediately. We're not dealing with random problems - we're under organized attack!'",
      "tags": [
        "Political",
        "Briefing"
      ],
      "choices": [
        {
          "text": "'I'll coordinate with all crisis response teams.'",
          "target": "startways_nexus"
        },
        {
          "text": "'Let me gather more evidence first.'",
          "target": "analyze_delegate_notes"
        },
        {
          "text": "'We need emergency powers to respond effectively.'",
          "target": "explore_legal_alternatives"
        },
        {
          "text": "'I need to continue investigating the conspiracy.'",
          "target": "uncover_cartel_conspiracy"
        }
      ]
    }
  },
  "starts": []
}
