{
  "_module_info": {
    "id": "rescue",
    "name": "Rescue",
    "description": "Content module for rescue area",
    "dependencies": [],
    "tags": [],
    "factions": [],
    "node_count": 1,
    "start_count": 0
  },
  "nodes": {
    "rescue_trapped_entity": {
      "title": "The Trapped Delegate",
      "description": "Following the distress coordinates leads you to a collapsed section where you find Delegate Sage, barely conscious and trapped by fallen crystals. 'You... you found me,' she whispers. 'I discovered the truth... the conspiracy... they tried to silence me but I escaped here. The Architect... they're not just disrupting trade... they want to collapse everything...'",
      "tags": [
        "Exploration",
        "Rescue",
        "Political"
      ],
      "choices": [
        {
          "text": "'Let me get you out of here first, then you can tell me everything.'",
          "target": "extract_delegate_sage"
        },
        {
          "text": "'Tell me about this Architect while I work to free you.'",
          "target": "learn_architect_identity"
        },
        {
          "text": "'How did you end up down here?'",
          "target": "uncover_delegate_escape"
        },
        {
          "text": "'The other delegates - are they also trapped somewhere?'",
          "target": "locate_other_delegates"
        }
      ]
    }
  },
  "starts": []
}
