{
  "_module_info": {
    "id": "root",
    "name": "Root Assembly Areas",
    "description": "Content module for root area",
    "dependencies": [],
    "tags": [
      "Arbiter",
      "Archivist",
      "Emissary",
      "Healer",
      "Mediator",
      "Resonant",
      "Root-Speaker",
      "Weaver"
    ],
    "factions": [
      "Aeol Nests",
      "Freehands",
      "Prism Cartel",
      "Quiet Ledger",
      "Root Assembly"
    ],
    "node_count": 15,
    "start_count": 1
  },
  "nodes": {
    "root_tangle_market": {
      "title": "Root Assembly Market",
      "text": "Living terraces coil around the Assembly tree, thrumming with petitioners and spice-sellers. Songbirds carry living-law updates from branch to branch.",
      "choices": [
        {
          "text": "(Arbiter) Audit the travel ledgers to secure a formal hearing slot.",
          "condition": {
            "type": "has_tag",
            "value": "Arbiter"
          },
          "effects": [
            {
              "type": "rep_delta",
              "faction": "Root Assembly",
              "value": 1
            },
            {
              "type": "set_flag",
              "flag": "guestlaw_docket",
              "value": true
            }
          ],
          "target": "guestlaw_chamber"
        },
        {
          "text": "(Weaver) Braid stabilizing cords for the speaking dais, impressing the clerks.",
          "condition": {
            "type": "has_tag",
            "value": "Weaver"
          },
          "effects": [
            {
              "type": "rep_delta",
              "faction": "Root Assembly",
              "value": 1
            },
            {
              "type": "set_flag",
              "flag": "dais_stabilized",
              "value": true
            }
          ],
          "target": "guestlaw_chamber"
        },
        {
          "text": "'Everyone's so tense... let me understand what's really happening here.' — Compile testimony for the clerks.",
          "effects": [
            {
              "type": "add_trait",
              "value": "People-Reader"
            },
            {
              "type": "set_flag",
              "flag": "compiled_testimony",
              "value": true
            }
          ],
          "target": "root_assembly_testimonies_gathered"
        },
        {
          "text": "Submit your compiled testimony for a guest-law docket.",
          "condition": {
            "type": "flag_eq",
            "flag": "compiled_testimony",
            "value": true
          },
          "effects": [
            {
              "type": "set_flag",
              "flag": "guestlaw_docket",
              "value": true
            }
          ],
          "target": "guestlaw_chamber"
        },
        {
          "text": "(People-Reader) Whisper the judge's likely ruling to the crowd, earning a Freehands escort.",
          "condition": {
            "type": "has_trait",
            "value": "People-Reader"
          },
          "effects": [
            {
              "type": "rep_delta",
              "faction": "Freehands",
              "value": 1
            },
            {
              "type": "set_flag",
              "flag": "freehands_lift",
              "value": true
            }
          ],
          "target": "prism_galleria"
        },
        {
          "text": "(Emissary) Rally Aeol outriders to ferry you toward the Cloud-Burrow warrens.",
          "condition": {
            "type": "has_tag",
            "value": "Emissary"
          },
          "effects": [
            {
              "type": "rep_delta",
              "faction": "Aeol Nests",
              "value": 1
            },
            {
              "type": "set_flag",
              "flag": "cloud_envoy_route",
              "value": true
            }
          ],
          "target": "cloud_burrow_threshold"
        },
        {
          "text": "(Emissary) Broker a prism exchange to ride their courier lane into the galleria.",
          "condition": {
            "type": "has_tag",
            "value": "Emissary"
          },
          "effects": [
            {
              "type": "rep_delta",
              "faction": "Prism Cartel",
              "value": 1
            },
            {
              "type": "set_flag",
              "flag": "prism_lane_authorized",
              "value": true
            }
          ],
          "target": "prism_galleria"
        },
        {
          "text": "Spend a root-writ to fast-track your guest-law hearing docket.",
          "condition": {
            "type": "has_item",
            "value": "root-writ"
          },
          "effects": [
            {
              "type": "remove_item",
              "value": "root-writ"
            },
            {
              "type": "set_flag",
              "flag": "guestlaw_docket",
              "value": true
            }
          ],
          "target": "guestlaw_chamber"
        },
        {
          "text": "Trade a favor for a Freehands glider run toward the Saltglass engines.",
          "condition": {
            "type": "has_item",
            "value": "favor"
          },
          "effects": [
            {
              "type": "remove_item",
              "value": "favor"
            },
            {
              "type": "set_flag",
              "flag": "saltglass_glider_route",
              "value": true
            }
          ],
          "target": "saltglass_expanse"
        },
        {
          "text": "(Root Assembly 1+) Call in Assembly trust to open the caretaker lift.",
          "condition": {
            "type": "rep_at_least",
            "faction": "Root Assembly",
            "value": 1
          },
          "effects": [
            {
              "type": "set_flag",
              "flag": "assembly_trust_pass",
              "value": true
            }
          ],
          "target": "root_orrery_dais"
        },
        {
          "text": "Descend toward the orrery-of-roots caretakers.",
          "target": "root_orrery_concourse"
        },
        {
          "text": "File your steward rota and take the first shift yourself.",
          "condition": [
            {
              "type": "rep_at_least",
              "faction": "Root Assembly",
              "value": 1
            },
            {
              "type": "flag_eq",
              "flag": "compiled_testimony",
              "value": true
            }
          ],
          "effects": [
            {
              "type": "end_game",
              "value": "Market Steward Rotation"
            }
          ],
          "target": "ending_market_steward"
        },
        {
          "text": "Close the petitions early and audit the night ledgers yourself.",
          "condition": {
            "type": "flag_eq",
            "flag": "guestlaw_docket",
            "value": true
          },
          "effects": [
            {
              "type": "end_game",
              "value": "Night Auditor of Roots"
            }
          ],
          "target": "ending_root_night_auditor"
        },
        {
          "text": "[CRISIS RESPONSE] Head to Startways Nexus for emergency briefing",
          "target": "startways_nexus",
          "details": "Assembly officials are redirecting everyone to central crisis management."
        }
      ]
    },
    "root_orrery_concourse": {
      "title": "Orrery-of-Roots Concourse",
      "text": "Vast living galleries spiral around a bronze-hearted trunk; saplight drips across calculating roots while caretakers whisper seasonal sums.",
      "choices": [
        {
          "text": "(Weaver) Descend along braided harness to the Loom Gallery.",
          "condition": {
            "type": "has_tag",
            "value": "Weaver"
          },
          "target": "root_orrery_looms"
        },
        {
          "text": "Take the freight ladder down to the Loom Gallery.",
          "target": "root_orrery_looms"
        },
        {
          "text": "(Archivist) Follow ledger etchings toward the Memory Vault.",
          "condition": {
            "type": "has_tag",
            "value": "Archivist"
          },
          "target": "root_orrery_archives"
        },
        {
          "text": "Consult the posted indices and head for the Memory Vault.",
          "target": "root_orrery_archives"
        },
        {
          "text": "(Healer) Trace the sap-scented draft into the infirmary roots.",
          "condition": {
            "type": "has_tag",
            "value": "Healer"
          },
          "target": "root_orrery_infirmary"
        },
        {
          "text": "Trail the warm sap breeze toward the infirmary roots.",
          "target": "root_orrery_infirmary"
        },
        {
          "text": "(Arbiter) Present your docket to the registry tiers.",
          "condition": {
            "type": "has_tag",
            "value": "Arbiter"
          },
          "target": "root_orrery_registry"
        },
        {
          "text": "Request a visitor chit for the registry tiers.",
          "effects": [
            {
              "type": "set_flag",
              "flag": "orrery_chit",
              "value": true
            }
          ],
          "target": "root_orrery_registry"
        },
        {
          "text": "(Weaver+Arbiter) Lace consensus cords to open the caretaker dais.",
          "condition": {
            "type": "has_tag",
            "value": [
              "Weaver",
              "Arbiter"
            ]
          },
          "target": "root_orrery_dais"
        },
        {
          "text": "(Healer+Resonant) Harmonize the pulse conduits before tending the infirmary.",
          "condition": {
            "type": "has_tag",
            "value": [
              "Healer",
              "Resonant"
            ]
          },
          "target": "root_orrery_infirmary"
        },
        {
          "text": "(Archivist+Weaver) Pattern a schema that ushers you toward the lens cradle.",
          "condition": {
            "type": "has_tag",
            "value": [
              "Archivist",
              "Weaver"
            ]
          },
          "target": "root_orrery_lens_cradle"
        },
        {
          "text": "Step onto the caretaker dais at the orrery's heart.",
          "target": "root_orrery_dais"
        },
        {
          "text": "Climb the service roots back to the Root Assembly Market.",
          "target": "root_tangle_market"
        },
        {
          "text": "Ride the tether back to the Startways Nexus.",
          "target": "startways_nexus"
        }
      ]
    },
    "root_orrery_registry": {
      "title": "Root Registry Tiers",
      "text": "Brass-sheathed root clerks hum from loam-caked abaci, stamping living writs; one pulses through your palm, 'We feel urgency by soil-scent—steady yourself.'",
      "choices": [
        {
          "text": "(Root-Writ) Bind a root-writ to unlock the threading chamber.",
          "condition": {
            "type": "has_item",
            "value": "root-writ"
          },
          "effects": [
            {
              "type": "remove_item",
              "value": "root-writ"
            },
            {
              "type": "set_flag",
              "flag": "writ_bound",
              "value": true
            }
          ],
          "target": "root_orrery_threading"
        },
        {
          "text": "(Arbiter) Cite precedent to fast-track the correction.",
          "condition": {
            "type": "has_tag",
            "value": "Arbiter"
          },
          "effects": [
            {
              "type": "rep_delta",
              "faction": "Root Assembly",
              "value": 1
            },
            {
              "type": "set_flag",
              "flag": "writ_bound",
              "value": true
            }
          ],
          "target": "root_orrery_threading"
        },
        {
          "text": "Step back to gather missing components.",
          "target": "root_orrery_dais"
        }
      ]
    },
    "root_orrery_looms": {
      "title": "Bronze Loom Gallery",
      "text": "Suspended walkways sway above root-driven gears as bronze filaments sing against living wood.",
      "choices": [
        {
          "text": "(Weaver) Align the loom-cantilever to draw out a bronze filament.",
          "condition": {
            "type": "has_tag",
            "value": "Weaver"
          },
          "effects": [
            {
              "type": "add_item",
              "value": "bronze filament"
            },
            {
              "type": "set_flag",
              "flag": "filament_spun",
              "value": true
            }
          ],
          "target": "root_orrery_looms"
        },
        {
          "text": "Offer to cover a loom shift for a bronze filament spool.",
          "effects": [
            {
              "type": "add_item",
              "value": "bronze filament"
            },
            {
              "type": "set_flag",
              "flag": "loom_shift",
              "value": true
            },
            {
              "type": "rep_delta",
              "faction": "Root Assembly",
              "value": -1
            }
          ],
          "target": "root_orrery_looms"
        },
        {
          "text": "Carry the bronze filament toward the correction gearroots.",
          "condition": {
            "type": "has_item",
            "value": "bronze filament"
          },
          "target": "root_orrery_threading"
        },
        {
          "text": "Ride the lift back to the concourse.",
          "target": "root_orrery_concourse"
        }
      ]
    },
    "root_orrery_archives": {
      "title": "Memory Vault Galleries",
      "text": "Shelves of resin tablets glow with captured seasons as quiet keepers tend to whispering root-scribes.",
      "choices": [
        {
          "text": "(Archivist) Sift seasonal ledgers for a root-writ template.",
          "condition": {
            "type": "has_tag",
            "value": "Archivist"
          },
          "effects": [
            {
              "type": "add_item",
              "value": "root-writ"
            },
            {
              "type": "set_flag",
              "flag": "archive_template",
              "value": true
            }
          ],
          "target": "root_orrery_archives"
        },
        {
          "text": "Donate courier notes to earn a copied root-writ.",
          "effects": [
            {
              "type": "add_item",
              "value": "root-writ"
            },
            {
              "type": "rep_delta",
              "faction": "Quiet Ledger",
              "value": 1
            }
          ],
          "target": "root_orrery_archives"
        },
        {
          "text": "Descend to the lens cradle where sap memories refract.",
          "target": "root_orrery_lens_cradle"
        },
        {
          "text": "Return to the concourse tiers.",
          "target": "root_orrery_concourse"
        }
      ]
    },
    "root_orrery_lens_cradle": {
      "title": "Sap Lens Cradle",
      "text": "A suspended basin of luminous sap refracts predictions while bronze arms hold half-formed lenses in gentle tension.",
      "choices": [
        {
          "text": "(Healer) Sing the sap flows clear, shaping a lens.",
          "condition": {
            "type": "has_tag",
            "value": "Healer"
          },
          "effects": [
            {
              "type": "add_item",
              "value": "sap lens"
            },
            {
              "type": "set_flag",
              "flag": "lens_hummed",
              "value": true
            },
            {
              "type": "set_flag",
              "flag": "lens_ready",
              "value": true
            }
          ],
          "target": "root_orrery_lens_cradle"
        },
        {
          "text": "(Archivist) Calibrate the recorded seasons for a stable lens.",
          "condition": {
            "type": "has_tag",
            "value": "Archivist"
          },
          "effects": [
            {
              "type": "add_item",
              "value": "sap lens"
            },
            {
              "type": "set_flag",
              "flag": "lens_indexed",
              "value": true
            },
            {
              "type": "set_flag",
              "flag": "lens_ready",
              "value": true
            }
          ],
          "target": "root_orrery_lens_cradle"
        },
        {
          "text": "Promise to report your findings to borrow a sap lens.",
          "effects": [
            {
              "type": "add_item",
              "value": "sap lens"
            },
            {
              "type": "set_flag",
              "flag": "lens_debt",
              "value": true
            },
            {
              "type": "set_flag",
              "flag": "lens_ready",
              "value": true
            }
          ],
          "target": "root_orrery_lens_cradle"
        },
        {
          "text": "Carry the sap lens to the alignment platform.",
          "condition": {
            "type": "flag_eq",
            "flag": "focus_access",
            "value": true
          },
          "target": "root_orrery_focus"
        },
        {
          "text": "Return to the memory vaults.",
          "target": "root_orrery_archives"
        }
      ]
    },
    "root_orrery_infirmary": {
      "title": "Sap Infirmary Roots",
      "text": "Caretakers soothe stressed roots in warm pools while bronze splints hum with quiet corrective tones.",
      "choices": [
        {
          "text": "(Healer) Massage the root knots, earning the caretakers' trust.",
          "condition": {
            "type": "has_tag",
            "value": "Healer"
          },
          "effects": [
            {
              "type": "rep_delta",
              "faction": "Root Assembly",
              "value": 1
            },
            {
              "type": "set_flag",
              "flag": "sap_soothed",
              "value": true
            }
          ],
          "target": "root_orrery_infirmary"
        },
        {
          "text": "Apply bronze filament braces to stabilize fractures.",
          "condition": {
            "type": "has_item",
            "value": "bronze filament"
          },
          "effects": [
            {
              "type": "remove_item",
              "value": "bronze filament"
            },
            {
              "type": "rep_delta",
              "faction": "Root Assembly",
              "value": 1
            },
            {
              "type": "set_flag",
              "flag": "brace_volunteered",
              "value": true
            }
          ],
          "target": "root_orrery_infirmary"
        },
        {
          "text": "Commit to stay the season tending the correction.",
          "condition": {
            "type": "flag_eq",
            "flag": "writ_bound",
            "value": true
          },
          "effects": [
            {
              "type": "end_game",
              "value": "Tend the Correction"
            }
          ],
          "target": "ending_correction"
        },
        {
          "text": "Return to the concourse tiers.",
          "target": "root_orrery_concourse"
        }
      ]
    },
    "root_orrery_dais": {
      "title": "Caretaker Dais",
      "text": "Bronze gimbals rise from the living trunk, their roots thrumming with equations waiting to be sung back into season.",
      "choices": [
        {
          "text": "(Weaver) Listen for the chord of seasons within the gears.",
          "condition": {
            "type": "has_tag",
            "value": "Weaver"
          },
          "effects": [
            {
              "type": "set_flag",
              "flag": "dais_listened",
              "value": true
            }
          ],
          "target": "root_orrery_resonance"
        },
        {
          "text": "(Archivist) Inspect the correction logs for missing entries.",
          "condition": {
            "type": "has_tag",
            "value": "Archivist"
          },
          "effects": [
            {
              "type": "set_flag",
              "flag": "logs_reviewed",
              "value": true
            }
          ],
          "target": "root_orrery_archives"
        },
        {
          "text": "(Healer) Warm the sap channels feeding the dais.",
          "condition": {
            "type": "has_tag",
            "value": "Healer"
          },
          "effects": [
            {
              "type": "set_flag",
              "flag": "sap_charged",
              "value": true
            }
          ],
          "target": "root_orrery_resonance"
        },
        {
          "text": "(Arbiter) Evaluate the steward disputes over cadence.",
          "condition": {
            "type": "has_tag",
            "value": "Arbiter"
          },
          "effects": [
            {
              "type": "rep_delta",
              "faction": "Root Assembly",
              "value": 1
            },
            {
              "type": "set_flag",
              "flag": "dais_juried",
              "value": true
            }
          ],
          "target": "root_orrery_registry"
        },
        {
          "text": "Approach the resonance controls.",
          "target": "root_orrery_resonance"
        },
        {
          "text": "Claim staging quarters for the Root Depths crews.",
          "condition": {
            "type": "flag_eq",
            "flag": "staging_ready",
            "value": true
          },
          "effects": [
            {
              "type": "unlock_start",
              "value": "root_depths_staging"
            },
            {
              "type": "set_flag",
              "flag": "staging_ready",
              "value": false
            }
          ],
          "target": "root_orrery_concourse"
        },
        {
          "text": "Return to the concourse tiers.",
          "target": "root_orrery_concourse"
        },
        {
          "text": "Trace the mirrored dunes route toward the Saltglass Expanse.",
          "condition": {
            "type": "flag_eq",
            "flag": "correction_tuned",
            "value": true
          },
          "target": "saltglass_expanse"
        }
      ]
    },
    "root_orrery_resonance": {
      "title": "The Resonance Emergency",
      "description": "As you touch the bronze conduits, alarms begin sounding throughout the orrery. The Root-Speaker voice becomes urgent: 'The seasonal corrections are failing because the entire network is under attack! Critical systems across the archipelago are being disrupted simultaneously. You must get to the Startways Nexus immediately—this is bigger than just the orrery!'",
      "tags": [
        "Root-Speaker"
      ],
      "choices": [
        {
          "text": "'Get me to the Startways Nexus immediately!'",
          "target": "startways_nexus"
        },
        {
          "text": "'What kind of attacks? Can we fix the orrery first?'",
          "target": "root_orrery_concourse",
          "details": "The Root-Speaker explains this is part of coordinated infrastructure failures across multiple systems."
        },
        {
          "text": "'I need to understand the scope of this crisis.'",
          "target": "startways_nexus",
          "details": "Head directly to central command to see all crisis reports."
        }
      ]
    },
    "root_orrery_threading": {
      "title": "Gearroot Loom",
      "text": "Living gears clack patiently, awaiting the conductive braid that will restart their seasonal song.",
      "choices": [
        {
          "text": "Seat the bronze filament through the gearroots.",
          "condition": {
            "type": "has_item",
            "value": "bronze filament"
          },
          "effects": [
            {
              "type": "remove_item",
              "value": "bronze filament"
            },
            {
              "type": "set_flag",
              "flag": "filament_seated",
              "value": true
            },
            {
              "type": "set_flag",
              "flag": "focus_access",
              "value": true
            }
          ],
          "target": "root_orrery_focus"
        },
        {
          "text": "(Weaver) Hum the filament into sync with the roots.",
          "condition": {
            "type": "has_tag",
            "value": "Weaver"
          },
          "effects": [
            {
              "type": "set_flag",
              "flag": "filament_seated",
              "value": true
            },
            {
              "type": "set_flag",
              "flag": "focus_access",
              "value": true
            }
          ],
          "target": "root_orrery_focus"
        },
        {
          "text": "Admit you need a bronze filament and retreat to the loom.",
          "target": "root_orrery_looms"
        }
      ]
    },
    "root_orrery_focus": {
      "title": "Lens Alignment Platform",
      "text": "Bronze arms arc overhead, ready to cradle a sap lens that can read the tree-machine's upcoming tides.",
      "choices": [
        {
          "text": "Set the sap lens into the focusing cradle.",
          "condition": {
            "type": "has_item",
            "value": "sap lens"
          },
          "effects": [
            {
              "type": "remove_item",
              "value": "sap lens"
            },
            {
              "type": "set_flag",
              "flag": "lens_focused",
              "value": true
            }
          ],
          "target": "root_orrery_tuning"
        },
        {
          "text": "(Healer) Coax clarity from the sap lens before placement.",
          "condition": {
            "type": "flag_eq",
            "flag": "lens_hummed",
            "value": true
          },
          "effects": [
            {
              "type": "remove_item",
              "value": "sap lens"
            },
            {
              "type": "set_flag",
              "flag": "lens_focused",
              "value": true
            }
          ],
          "target": "root_orrery_tuning"
        },
        {
          "text": "Realize you still need the sap lens.",
          "target": "root_orrery_lens_cradle"
        }
      ]
    },
    "root_orrery_tuning": {
      "title": "Tuning Gallery",
      "text": "Root-crowns and bronze rings spin in cautious counterpoint, waiting for a guiding hand to set their season.",
      "choices": [
        {
          "text": "(Weaver) Weave the bronze and root pulses into a new cadence.",
          "condition": {
            "type": "has_tag",
            "value": "Weaver"
          },
          "effects": [
            {
              "type": "set_flag",
              "flag": "correction_tuned",
              "value": true
            },
            {
              "type": "rep_delta",
              "faction": "Root Assembly",
              "value": 1
            },
            {
              "type": "set_flag",
              "flag": "staging_ready",
              "value": true
            }
          ],
          "target": "root_orrery_dais"
        },
        {
          "text": "(Archivist) Record the adjustments and signal the caretakers.",
          "condition": {
            "type": "has_tag",
            "value": "Archivist"
          },
          "effects": [
            {
              "type": "set_flag",
              "flag": "correction_tuned",
              "value": true
            },
            {
              "type": "set_flag",
              "flag": "logs_amended",
              "value": true
            },
            {
              "type": "set_flag",
              "flag": "staging_ready",
              "value": true
            }
          ],
          "target": "root_orrery_dais"
        },
        {
          "text": "(Healer) Channel restorative sap to smooth the change.",
          "condition": {
            "type": "has_tag",
            "value": "Healer"
          },
          "effects": [
            {
              "type": "set_flag",
              "flag": "correction_tuned",
              "value": true
            },
            {
              "type": "rep_delta",
              "faction": "Root Assembly",
              "value": 1
            },
            {
              "type": "set_flag",
              "flag": "staging_ready",
              "value": true
            }
          ],
          "target": "root_orrery_dais"
        },
        {
          "text": "(Arbiter) Affirm the correction in the Assembly ledgers.",
          "condition": {
            "type": "has_tag",
            "value": "Arbiter"
          },
          "effects": [
            {
              "type": "set_flag",
              "flag": "correction_tuned",
              "value": true
            },
            {
              "type": "rep_delta",
              "faction": "Root Assembly",
              "value": 1
            },
            {
              "type": "set_flag",
              "flag": "staging_ready",
              "value": true
            }
          ],
          "target": "root_orrery_dais"
        },
        {
          "text": "(Root-Speaker) Commune directly with the thinking tree.",
          "condition": {
            "type": "has_tag",
            "value": "Root-Speaker"
          },
          "effects": [
            {
              "type": "set_flag",
              "flag": "correction_tuned",
              "value": true
            },
            {
              "type": "set_flag",
              "flag": "roots_attuned",
              "value": true
            },
            {
              "type": "set_flag",
              "flag": "staging_ready",
              "value": true
            }
          ],
          "target": "root_orrery_dais"
        },
        {
          "text": "Hold the correction steady while the caretakers finish.",
          "condition": {
            "type": "flag_eq",
            "flag": "filament_seated",
            "value": true
          },
          "effects": [
            {
              "type": "set_flag",
              "flag": "correction_tuned",
              "value": true
            },
            {
              "type": "set_flag",
              "flag": "staging_ready",
              "value": true
            },
            {
              "type": "hp_delta",
              "value": -1
            }
          ],
          "target": "root_orrery_dais"
        },
        {
          "text": "Step away, leaving the correction incomplete.",
          "target": "root_orrery_dais"
        }
      ]
    },
    "root_orrery_mentor": {
      "title": "Root-Speaker Mentor",
      "text": "A Root-Speaker rests within a hollowed node, listening to sap-currents and translating them into hushed counsel.",
      "on_enter": [
        {
          "type": "add_tag",
          "value": "Root-Speaker"
        }
      ],
      "choices": [
        {
          "text": "(Root-Speaker) Echo the mentor's cadence into the sap chorus.",
          "condition": {
            "type": "has_tag",
            "value": "Root-Speaker"
          },
          "target": "root_orrery_resonance"
        },
        {
          "text": "Share a breath with the mentor and match their cadence.",
          "effects": [
            {
              "type": "rep_delta",
              "faction": "Root Assembly",
              "value": 1
            }
          ],
          "target": "root_orrery_dais"
        },
        {
          "text": "Discuss the correction schedule in greater detail.",
          "effects": [
            {
              "type": "set_flag",
              "flag": "mentor_guidance",
              "value": true
            }
          ],
          "target": "root_orrery_registry"
        },
        {
          "text": "Return quietly to the concourse.",
          "target": "root_orrery_concourse"
        }
      ]
    },
    "root_assembly_testimonies_gathered": {
      "title": "The Weight of Many Voices",
      "text": "After hours of careful listening, you've compiled a mosaic of fears, hopes, and conflicting interests. The elderly spice-seller worries her trade routes will shift with the seasons. Young clerks whisper about opportunities for advancement if the old systems change. Petitioners from distant islands carry urgent requests that could be stranded if coordination fails.\n\nYour People-Reader abilities reveal the deeper truth: everyone knows change is coming, but no one trusts the others to change fairly. The Seasonal Compact isn't just about timing—it's about who gets to control the future.\n\n'You've been listening well,' says a clerk, approaching with a knowing smile. 'Would you like to present these findings, or do you have other plans?'",
      "choices": [
        {
          "text": "'I need to present this to the Assembly. The people's voices must be heard.'",
          "effects": [
            {
              "type": "rep_delta",
              "faction": "Root Assembly",
              "value": 2
            },
            {
              "type": "set_flag",
              "flag": "peoples_advocate",
              "value": true
            }
          ],
          "target": "guestlaw_chamber"
        },
        {
          "text": "'These testimonies reveal a deeper crisis. I need to investigate the root cause.'",
          "effects": [
            {
              "type": "add_item",
              "value": "crisis_analysis"
            }
          ],
          "target": "root_orrery_concourse"
        },
        {
          "text": "'The real power brokers aren't here. I need to find the ones making the actual decisions.'",
          "effects": [
            {
              "type": "set_flag",
              "flag": "seeking_real_power",
              "value": true
            }
          ],
          "target": "startways_nexus"
        },
        {
          "text": "'Each faction needs to hear what the others are really thinking.' — Become a mediator.",
          "effects": [
            {
              "type": "add_tag",
              "value": "Mediator"
            }
          ],
          "target": "root_assembly_mediation_attempt"
        }
      ]
    },
    "root_assembly_mediation_attempt": {
      "id": "root_assembly_mediation_attempt",
      "title": "Root Assembly Mediation Attempt",
      "text": "[This is an auto-generated placeholder for the missing 'root_assembly_mediation_attempt' location.] This location exists in the story but its content hasn't been written yet.",
      "choices": [
        {
          "text": "Continue the story (return to a safe location)",
          "target": "tutorial_arrival_beach"
        }
      ],
      "_auto_generated": true,
      "_generation_reason": "Missing node referenced by: Node 'root_assembly_testimonies_gathered' choice 3, Node 'singing_depths_language_lessons' choice 0"
    }
  },
  "starts": [
    {
      "id": "root_depths_staging",
      "title": "Root Depths Staging Crew",
      "locked_title": "Root Depths Staging Crew (Locked)",
      "node": "root_orrery_concourse",
      "tags": [
        "Weaver",
        "Healer"
      ],
      "locked": true,
      "blurb": "Stage caretaker dives into the root orrery. Steady labor opens sap-lit maintenance routes."
    }
  ]
}
