{
  "_module_info": {
    "id": "sabotage",
    "name": "Sabotage",
    "description": "Content module for sabotage area",
    "dependencies": [],
    "tags": [],
    "factions": [],
    "node_count": 1,
    "start_count": 0
  },
  "nodes": {
    "sabotage_saboteurs": {
      "id": "sabotage_saboteurs",
      "title": "Sabotage Saboteurs",
      "text": "[This is an auto-generated placeholder for the missing 'sabotage_saboteurs' location.] This location exists in the story but its content hasn't been written yet.",
      "choices": [
        {
          "text": "Continue the story (return to a safe location)",
          "target": "tutorial_arrival_beach"
        }
      ],
      "_auto_generated": true,
      "_generation_reason": "Missing node referenced by: Node 'locate_sabotage_source' choice 1"
    }
  },
  "starts": []
}
