{
  "_module_info": {
    "id": "saltglass",
    "name": "Saltglass",
    "description": "Content module for saltglass area",
    "dependencies": [],
    "tags": [
      "Cartographer",
      "Glasswright",
      "Lumenar",
      "Resonant",
      "Root-Speaker",
      "Scout",
      "Sneaky",
      "Storm-Conductor",
      "Tinkerer"
    ],
    "factions": [
      "Aeol Nests",
      "Freehands",
      "Prism Cartel",
      "Quiet Ledger",
      "Root Assembly"
    ],
    "node_count": 17,
    "start_count": 1
  },
  "nodes": {
    "saltglass_expanse": {
      "title": "Saltglass Expanse",
      "text": "Mirrored dunes ripple around migrating glass-reefs while walking shade engines stride overhead, casting cool rivers of shadow.",
      "choices": [
        {
          "text": "(Cartographer) Align the mirrored dune ridges with the reef migration.",
          "condition": {
            "type": "has_tag",
            "value": "Cartographer"
          },
          "effects": [
            {
              "type": "set_flag",
              "flag": "saltglass_routes_plotted",
              "value": true
            }
          ],
          "target": "saltglass_glass_reef"
        },
        {
          "text": "Enter the walking shade engine's bazaar decks.",
          "target": "saltglass_shade_bazaar"
        },
        {
          "text": "(Sneaky) Ghost along the engine struts toward the southern obelisk.",
          "condition": {
            "type": "has_tag",
            "value": "Sneaky"
          },
          "effects": [
            {
              "type": "set_flag",
              "flag": "south_scouted",
              "value": true
            }
          ],
          "target": "saltglass_obelisk_south"
        },
        {
          "text": "(Scout) Scale a mirror dune to flag a clear caravan lane.",
          "condition": {
            "type": "has_tag",
            "value": "Scout"
          },
          "effects": [
            {
              "type": "rep_delta",
              "faction": "Freehands",
              "value": 1
            },
            {
              "type": "set_flag",
              "flag": "saltglass_scout_lane",
              "value": true
            }
          ],
          "target": "saltglass_carravan_council"
        },
        {
          "text": "(Lumenar) Refract the dunes' glare to reveal the buried orrery route.",
          "condition": {
            "type": "has_tag",
            "value": "Lumenar"
          },
          "effects": [
            {
              "type": "set_flag",
              "flag": "mirrored_route_woven",
              "value": true
            }
          ],
          "target": "root_orrery_threading"
        },
        {
          "text": "(Tinkerer) Tune the envoy dais so caravan speakers can gather.",
          "condition": {
            "type": "has_tag",
            "value": "Tinkerer"
          },
          "effects": [
            {
              "type": "rep_delta",
              "faction": "Root Assembly",
              "value": 1
            },
            {
              "type": "set_flag",
              "flag": "saltglass_guestlaw_envoys",
              "value": true
            }
          ],
          "target": "guestlaw_chamber"
        },
        {
          "text": "(Lumenar) Signal Aeol outriders for a direct Startways flight.",
          "condition": {
            "type": "has_tag",
            "value": "Lumenar"
          },
          "effects": [
            {
              "type": "rep_delta",
              "faction": "Aeol Nests",
              "value": 1
            },
            {
              "type": "set_flag",
              "flag": "startways_envoy_route",
              "value": true
            }
          ],
          "target": "startways_nexus"
        },
        {
          "text": "Spend a favor to hitch a basket-lift into the Cloud-Burrow Warrens.",
          "condition": {
            "type": "has_item",
            "value": "favor"
          },
          "effects": [
            {
              "type": "remove_item",
              "value": "favor"
            },
            {
              "type": "set_flag",
              "flag": "cloud_burrow_passage",
              "value": true
            }
          ],
          "target": "cloud_burrow_threshold"
        },
        {
          "text": "(Resonant) Harmonize dune song with Aeol lifts and glide into the Cloud-Burrow.",
          "condition": {
            "type": "has_tag",
            "value": "Resonant"
          },
          "target": "cloud_burrow_threshold"
        },
        {
          "text": "Trade a map sliver to plot a Startways drop point.",
          "condition": {
            "type": "has_item",
            "value": "map sliver"
          },
          "effects": [
            {
              "type": "remove_item",
              "value": "map sliver"
            },
            {
              "type": "set_flag",
              "flag": "startways_map_lane",
              "value": true
            }
          ],
          "target": "startways_nexus"
        },
        {
          "text": "(Quiet Ledger 1+) Call in ledger pilots to escort you to the caravan council.",
          "condition": {
            "type": "rep_at_least",
            "faction": "Quiet Ledger",
            "value": 1
          },
          "effects": [
            {
              "type": "set_flag",
              "flag": "ledger_council_pass",
              "value": true
            },
            {
              "type": "rep_delta",
              "faction": "Quiet Ledger",
              "value": 1
            }
          ],
          "target": "saltglass_ledger_convoy"
        },
        {
          "text": "(Freehands 1+) Rally outriders to ferry mutual aid between stranded caravans.",
          "condition": {
            "type": "rep_at_least",
            "faction": "Freehands",
            "value": 1
          },
          "effects": [
            {
              "type": "set_flag",
              "flag": "saltglass_freehands_corridor",
              "value": true
            }
          ],
          "target": "saltglass_freehands_cache"
        },
        {
          "text": "Trail the memory-laden caravan toward the Starfallen Orchard.",
          "effects": [
            {
              "type": "set_flag",
              "flag": "orchard_path_known",
              "value": true
            }
          ],
          "target": "starfallen_orchard_meteoric_gate"
        },
        {
          "text": "Follow the tuned root-paths back to the Caretaker Dais.",
          "target": "root_orrery_dais"
        },
        {
          "text": "Lock in your mapped corridors and guide the caravans through a shared shade rota.",
          "condition": [
            {
              "type": "flag_eq",
              "flag": "saltglass_routes_plotted",
              "value": true
            },
            {
              "type": "rep_at_least",
              "faction": "Freehands",
              "value": 1
            }
          ],
          "effects": [
            {
              "type": "end_game",
              "value": "Saltglass Wayfinder"
            }
          ],
          "target": "ending_saltglass_wayfinder"
        }
      ]
    },
    "saltglass_shade_bazaar": {
      "title": "Shade Engine Bazaar",
      "text": "Canvas streets coil inside a walking shade engine; caravans barter under glass awnings while pistons thrum with migrating rhythm.",
      "choices": [
        {
          "text": "(Tinkerer) Recalibrate the cooling vanes to earn a shade key.",
          "condition": {
            "type": "has_tag",
            "value": "Tinkerer"
          },
          "effects": [
            {
              "type": "add_item",
              "value": "shade key"
            },
            {
              "type": "set_flag",
              "flag": "shade_key_owned",
              "value": true
            }
          ],
          "target": "saltglass_shade_workshop"
        },
        {
          "text": "Haul spare struts to the repair cradle.",
          "effects": [
            {
              "type": "set_flag",
              "flag": "workshop_access",
              "value": true
            }
          ],
          "target": "saltglass_shade_workshop"
        },
        {
          "text": "(Cartographer) Trade dune coordinates for a map sliver.",
          "condition": {
            "type": "has_tag",
            "value": "Cartographer"
          },
          "effects": [
            {
              "type": "add_item",
              "value": "map sliver"
            },
            {
              "type": "set_flag",
              "flag": "bazaar_map_traded",
              "value": true
            }
          ],
          "target": "saltglass_dune_archive"
        },
        {
          "text": "(Sneaky) Shadow a Freehands runner toward the reef scouts.",
          "condition": {
            "type": "has_tag",
            "value": "Sneaky"
          },
          "effects": [
            {
              "type": "set_flag",
              "flag": "reef_whispers",
              "value": true
            }
          ],
          "target": "saltglass_glass_reef"
        },
        {
          "text": "(Sneaky+Lumenar) Diffuse the echo-market's glare to chart contraband routes.",
          "condition": {
            "type": "has_tag",
            "value": [
              "Sneaky",
              "Lumenar"
            ]
          },
          "effects": [
            {
              "type": "set_flag",
              "flag": "saltglass_echo_routes",
              "value": true
            }
          ],
          "target": "saltglass_echo_lattice"
        },
        {
          "text": "(Cartographer+Glasswright) Fuse mirrored charts into a private prism vault.",
          "condition": {
            "type": "has_tag",
            "value": [
              "Cartographer",
              "Glasswright"
            ]
          },
          "effects": [
            {
              "type": "set_flag",
              "flag": "saltglass_prism_vault",
              "value": true
            }
          ],
          "target": "saltglass_prism_cache"
        },
        {
          "text": "(Lumenar+Tinkerer) Retrofit a glider harness to surf the shade thermals.",
          "condition": {
            "type": "has_tag",
            "value": [
              "Lumenar",
              "Tinkerer"
            ]
          },
          "effects": [
            {
              "type": "set_flag",
              "flag": "saltglass_glider_synergy",
              "value": true
            }
          ],
          "target": "saltglass_glider_bay"
        },
        {
          "text": "Step back out into the mirrored dunes.",
          "target": "saltglass_expanse"
        }
      ]
    },
    "saltglass_shade_workshop": {
      "title": "Shade Engine Workshop",
      "text": "Glass-lathes hum beside cooling cisterns as artisans tune shade vanes for the migrating caravans.",
      "choices": [
        {
          "text": "(Tinkerer) Assemble a color baffle from refractor scraps.",
          "condition": {
            "type": "has_tag",
            "value": "Tinkerer"
          },
          "effects": [
            {
              "type": "add_item",
              "value": "color baffle"
            },
            {
              "type": "set_flag",
              "flag": "color_baffle_forged",
              "value": true
            }
          ],
          "target": "saltglass_shade_workshop"
        },
        {
          "text": "(Sneaky) Pocket a map sliver from the shipping manifest.",
          "condition": {
            "type": "has_tag",
            "value": "Sneaky"
          },
          "effects": [
            {
              "type": "add_item",
              "value": "map sliver"
            },
            {
              "type": "set_flag",
              "flag": "manifest_raided",
              "value": true
            }
          ],
          "target": "saltglass_dune_archive"
        },
        {
          "text": "(Lumenar) Fuse the glass seams to steady the walking city.",
          "condition": {
            "type": "has_tag",
            "value": "Lumenar"
          },
          "effects": [
            {
              "type": "rep_delta",
              "faction": "Prism Cartel",
              "value": 1
            },
            {
              "type": "set_flag",
              "flag": "seams_fused",
              "value": true
            }
          ],
          "target": "saltglass_shade_bazaar"
        },
        {
          "text": "Ask the Glasswright mentor to review your latticework.",
          "target": "mentor_glasswright_intro"
        },
        {
          "text": "Return to the bazaar's central deck.",
          "target": "saltglass_shade_bazaar"
        }
      ]
    },
    "saltglass_echo_lattice": {
      "title": "Echo-Market Lattice",
      "text": "Contraband choruses shimmer along suspended wires, each songline masking a trade route beneath resonant camouflage.",
      "choices": [
        {
          "text": "Sync the song routes with Freehands relief paths.",
          "effects": [
            {
              "type": "rep_delta",
              "faction": "Freehands",
              "value": 1
            },
            {
              "type": "set_flag",
              "flag": "saltglass_echo_routes",
              "value": true
            }
          ],
          "target": "saltglass_freehands_cache"
        },
        {
          "text": "Archive the encoded melodies for Quiet Ledger auditors.",
          "effects": [
            {
              "type": "rep_delta",
              "faction": "Quiet Ledger",
              "value": 1
            }
          ],
          "target": "saltglass_ledger_convoy"
        },
        {
          "text": "Fade back toward the bazaar decks before the chorus shifts.",
          "target": "saltglass_shade_bazaar"
        }
      ]
    },
    "saltglass_prism_cache": {
      "title": "Mirrored Prism Cache",
      "text": "Interlocking panes fold around a recessed vault, projecting overlays of root corrections and shade migrations as you work.",
      "choices": [
        {
          "text": "Etch the composite charts into a portable prism for the Root Assembly.",
          "effects": [
            {
              "type": "rep_delta",
              "faction": "Root Assembly",
              "value": 1
            },
            {
              "type": "set_flag",
              "flag": "saltglass_prism_vault",
              "value": true
            }
          ],
          "target": "root_orrery_archives"
        },
        {
          "text": "Seal the vault and return the mirrored panels to the bazaar.",
          "target": "saltglass_shade_bazaar"
        },
        {
          "text": "Carry the mirrored insights toward the sharecrop commons.",
          "target": "starfallen_orchard_sharecrop_commons"
        },
        {
          "text": "(Root-Speaker) Thread the prism pulses into orchard sap channels.",
          "condition": {
            "type": "has_tag",
            "value": "Root-Speaker"
          },
          "target": "starfallen_orchard_prism_roots"
        }
      ]
    },
    "saltglass_glider_bay": {
      "title": "Thermal Glider Bay",
      "text": "Shade engine riggers suspend glider harnesses above roaring vents, timing launch windows with caravans on the move.",
      "choices": [
        {
          "text": "Launch along the thermal to scout the cloud-burrow approaches.",
          "effects": [
            {
              "type": "set_flag",
              "flag": "saltglass_glider_synergy",
              "value": true
            }
          ],
          "target": "cloud_burrow_threshold"
        },
        {
          "text": "Glide down to the mirrored dunes near the Freehands cache.",
          "target": "saltglass_freehands_cache"
        },
        {
          "text": "Fold the harness away and return to the bazaar.",
          "target": "saltglass_shade_bazaar"
        }
      ]
    },
    "saltglass_ledger_convoy": {
      "title": "Ledger-Piloted Convoy",
      "text": "Amber-lit skiffs bearing Quiet Ledger sigils anchor beside the caravan council, their coffers ready to stabilize trade routes.",
      "choices": [
        {
          "text": "Allocate the convoy's funding to reinforce guest-law patrols.",
          "effects": [
            {
              "type": "rep_delta",
              "faction": "Quiet Ledger",
              "value": 1
            },
            {
              "type": "set_flag",
              "flag": "ledger_council_pass",
              "value": true
            }
          ],
          "target": "saltglass_carravan_council"
        },
        {
          "text": "Divert a tithe toward Freehands relief runners.",
          "effects": [
            {
              "type": "rep_delta",
              "faction": "Freehands",
              "value": 1
            }
          ],
          "target": "saltglass_freehands_cache"
        },
        {
          "text": "Thank the pilots and return to the mirrored dunes.",
          "target": "saltglass_expanse"
        }
      ]
    },
    "saltglass_freehands_cache": {
      "title": "Freehands Relief Cache",
      "text": "Mutual-aid lockers carved into the dunes brim with ration cords, water bladders, and shade salves awaiting redistribution.",
      "choices": [
        {
          "text": "Distribute supplies along the caravans' shadowed path.",
          "effects": [
            {
              "type": "rep_delta",
              "faction": "Freehands",
              "value": 1
            },
            {
              "type": "set_flag",
              "flag": "saltglass_freehands_corridor",
              "value": true
            }
          ],
          "target": "saltglass_expanse"
        },
        {
          "text": "Log the cache usage for Quiet Ledger reimbursements.",
          "effects": [
            {
              "type": "rep_delta",
              "faction": "Quiet Ledger",
              "value": 1
            }
          ],
          "target": "saltglass_ledger_convoy"
        },
        {
          "text": "Return to the bazaar with remaining supplies.",
          "target": "saltglass_shade_bazaar"
        },
        {
          "text": "Post yourself at the cache ledger and coordinate every relief dispatch.",
          "condition": {
            "type": "flag_eq",
            "flag": "saltglass_freehands_corridor",
            "value": true
          },
          "effects": [
            {
              "type": "end_game",
              "value": "Freehands Dispatch Coordinator"
            }
          ],
          "target": "ending_freehands_dispatch"
        },
        {
          "text": "Follow the convoy route back to the main expanse.",
          "target": "saltglass_expanse"
        }
      ]
    },
    "saltglass_glass_reef": {
      "title": "Migratory Glass Reef",
      "text": "Fractal ridges of living glass surge like a slow tide, caravan tents lashed to their mirrored spines beneath roaming shade engines.",
      "choices": [
        {
          "text": "(Cartographer) Plot the reef's migration by mirrored stars.",
          "condition": {
            "type": "has_tag",
            "value": "Cartographer"
          },
          "effects": [
            {
              "type": "set_flag",
              "flag": "reef_routes_traced",
              "value": true
            }
          ],
          "target": "saltglass_obelisk_north"
        },
        {
          "text": "(Lumenar) Pulse calming light to let caravans slip past.",
          "condition": {
            "type": "has_tag",
            "value": "Lumenar"
          },
          "effects": [
            {
              "type": "rep_delta",
              "faction": "Freehands",
              "value": 1
            },
            {
              "type": "set_flag",
              "flag": "reef_calm",
              "value": true
            }
          ],
          "target": "saltglass_carravan_council"
        },
        {
          "text": "(Sneaky) Slip along the reef's underside toward the southern obelisk.",
          "condition": {
            "type": "has_tag",
            "value": "Sneaky"
          },
          "effects": [
            {
              "type": "set_flag",
              "flag": "reef_sneak",
              "value": true
            }
          ],
          "target": "saltglass_obelisk_south"
        },
        {
          "text": "Ride a tethered skiff back toward the shade engine.",
          "target": "saltglass_shade_bazaar"
        }
      ]
    },
    "saltglass_dune_archive": {
      "title": "Mirrored Dune Archive",
      "text": "Strata of polished sand scroll with glint-script, each dune facet storing routes for the wandering cities.",
      "choices": [
        {
          "text": "(Cartographer) Translate the mirrored scripts into a map sliver.",
          "condition": {
            "type": "has_tag",
            "value": "Cartographer"
          },
          "effects": [
            {
              "type": "add_item",
              "value": "map sliver"
            },
            {
              "type": "set_flag",
              "flag": "dune_archive_decoded",
              "value": true
            }
          ],
          "target": "saltglass_obelisk_east"
        },
        {
          "text": "(Lumenar) Diffuse the glare into a portable color baffle.",
          "condition": {
            "type": "has_tag",
            "value": "Lumenar"
          },
          "effects": [
            {
              "type": "add_item",
              "value": "color baffle"
            },
            {
              "type": "set_flag",
              "flag": "glare_diffused",
              "value": true
            }
          ],
          "target": "saltglass_expanse"
        },
        {
          "text": "Spend a map sliver to unlock the refractor walkway beneath the dunes.",
          "condition": {
            "type": "has_item",
            "value": "map sliver"
          },
          "effects": [
            {
              "type": "remove_item",
              "value": "map sliver"
            },
            {
              "type": "set_flag",
              "flag": "refractor_walkway_open",
              "value": true
            }
          ],
          "target": "saltglass_carravan_council"
        },
        {
          "text": "Retreat before the dunes shift again.",
          "target": "saltglass_expanse"
        }
      ]
    },
    "saltglass_carravan_council": {
      "title": "Caravan Council of Moving Shade",
      "text": "Delegates debate beneath walking engine ribs while mirrored charts flutter between tents of traveling glasswrights.",
      "choices": [
        {
          "text": "(Cartographer) Present layered map slivers to redirect the caravans.",
          "condition": {
            "type": "has_tag",
            "value": "Cartographer"
          },
          "effects": [
            {
              "type": "rep_delta",
              "faction": "Quiet Ledger",
              "value": 1
            },
            {
              "type": "set_flag",
              "flag": "council_mapped",
              "value": true
            }
          ],
          "target": "saltglass_carravan_council"
        },
        {
          "text": "(Sneaky) Whisper to outriders to secure covert passage rights.",
          "condition": {
            "type": "has_tag",
            "value": "Sneaky"
          },
          "effects": [
            {
              "type": "rep_delta",
              "faction": "Freehands",
              "value": 1
            },
            {
              "type": "set_flag",
              "flag": "council_shadowed",
              "value": true
            }
          ],
          "target": "saltglass_carravan_council"
        },
        {
          "text": "(Scout) Deliver field charts to widen the Freehands relief lane.",
          "condition": [
            {
              "type": "has_tag",
              "value": "Scout"
            },
            {
              "type": "flag_eq",
              "flag": "saltglass_scout_lane",
              "value": true
            }
          ],
          "effects": [
            {
              "type": "rep_delta",
              "faction": "Freehands",
              "value": 1
            },
            {
              "type": "set_flag",
              "flag": "saltglass_freehands_corridor",
              "value": true
            }
          ],
          "target": "saltglass_freehands_cache"
        },
        {
          "text": "(Lumenar) Drape the council with cooled shade to settle tempers.",
          "condition": {
            "type": "has_tag",
            "value": "Lumenar"
          },
          "effects": [
            {
              "type": "rep_delta",
              "faction": "Prism Cartel",
              "value": 1
            },
            {
              "type": "set_flag",
              "flag": "council_cooled",
              "value": true
            }
          ],
          "target": "saltglass_carravan_council"
        },
        {
          "text": "Set the treaty dais with your shade key.",
          "condition": {
            "type": "has_item",
            "value": "shade key"
          },
          "target": "saltglass_treaty_alignment"
        },
        {
          "text": "Carry your notes back to the shade bazaar.",
          "target": "saltglass_shade_bazaar"
        }
      ]
    },
    "saltglass_obelisk_north": {
      "title": "Northern Glint Obelisk",
      "text": "A mirrored spire pierces the dunes, refracting the shade engine's shadow into sweeping compass arcs.",
      "choices": [
        {
          "text": "(Cartographer) Chart the northern glint obelisk's reflection lilt.",
          "condition": {
            "type": "has_tag",
            "value": "Cartographer"
          },
          "effects": [
            {
              "type": "set_flag",
              "flag": "glint_obelisk_north_mapped",
              "value": true
            }
          ],
          "target": "saltglass_obelisk_north"
        },
        {
          "text": "(Tinkerer) Reseat the obelisk's hinge to redirect shade.",
          "condition": {
            "type": "has_tag",
            "value": "Tinkerer"
          },
          "effects": [
            {
              "type": "rep_delta",
              "faction": "Prism Cartel",
              "value": 1
            },
            {
              "type": "set_flag",
              "flag": "obelisk_north_tuned",
              "value": true
            }
          ],
          "target": "saltglass_glass_reef"
        },
        {
          "text": "Deploy a color baffle to signal the reef outriders.",
          "condition": {
            "type": "has_item",
            "value": "color baffle"
          },
          "effects": [
            {
              "type": "remove_item",
              "value": "color baffle"
            },
            {
              "type": "set_flag",
              "flag": "reef_signal_sent",
              "value": true
            }
          ],
          "target": "saltglass_glass_reef"
        },
        {
          "text": "Slide down the mirrored ridge back toward the dunes.",
          "target": "saltglass_expanse"
        }
      ]
    },
    "saltglass_obelisk_south": {
      "title": "Southern Glint Obelisk",
      "text": "Glass-reef barnacles cling to the southern obelisk, its beam sweeping migrating camps with restless color.",
      "choices": [
        {
          "text": "(Cartographer) Map the southern obelisk's moving shadows.",
          "condition": {
            "type": "has_tag",
            "value": "Cartographer"
          },
          "effects": [
            {
              "type": "set_flag",
              "flag": "glint_obelisk_south_mapped",
              "value": true
            }
          ],
          "target": "saltglass_obelisk_south"
        },
        {
          "text": "(Sneaky) Ride the reef's underside to stash a map sliver.",
          "condition": {
            "type": "has_tag",
            "value": "Sneaky"
          },
          "effects": [
            {
              "type": "add_item",
              "value": "map sliver"
            },
            {
              "type": "set_flag",
              "flag": "reef_cache",
              "value": true
            }
          ],
          "target": "saltglass_glass_reef"
        },
        {
          "text": "(Tinkerer) Stitch a color baffle lattice around the beam.",
          "condition": {
            "type": "has_tag",
            "value": "Tinkerer"
          },
          "effects": [
            {
              "type": "set_flag",
              "flag": "obelisk_south_latticed",
              "value": true
            },
            {
              "type": "rep_delta",
              "faction": "Quiet Ledger",
              "value": 1
            }
          ],
          "target": "saltglass_expanse"
        },
        {
          "text": "Follow the mirrored track back to the camp.",
          "target": "saltglass_expanse"
        }
      ]
    },
    "saltglass_obelisk_east": {
      "title": "Eastern Glint Obelisk",
      "text": "The eastern obelisk pivots above a sea of mirrored dunes, its beam catching distant shade engines in prismatic arcs.",
      "choices": [
        {
          "text": "(Cartographer) Align the eastern glint with your star chart.",
          "condition": {
            "type": "has_tag",
            "value": "Cartographer"
          },
          "effects": [
            {
              "type": "set_flag",
              "flag": "glint_obelisk_east_mapped",
              "value": true
            }
          ],
          "target": "saltglass_obelisk_east"
        },
        {
          "text": "(Lumenar) Bend the beam to reveal hidden camp caches.",
          "condition": {
            "type": "has_tag",
            "value": "Lumenar"
          },
          "effects": [
            {
              "type": "add_item",
              "value": "color baffle"
            },
            {
              "type": "set_flag",
              "flag": "east_cache_revealed",
              "value": true
            }
          ],
          "target": "saltglass_carravan_council"
        },
        {
          "text": "Take the mirrored steps back toward the dune archive.",
          "target": "saltglass_dune_archive"
        },
        {
          "text": "Thread the glint lines toward the northern obelisk.",
          "condition": {
            "type": "flag_eq",
            "flag": "glint_obelisk_east_mapped",
            "value": true
          },
          "target": "saltglass_glint_merge_ne"
        }
      ]
    },
    "saltglass_glint_merge_ne": {
      "title": "Glint Alignment Confluence",
      "text": "Northern and eastern beams overlap in a lattice of ghost-light, humming with routes waiting to be tied off.",
      "choices": [
        {
          "text": "(Cartographer) Weave in the northern glint pathways.",
          "condition": {
            "type": "flag_eq",
            "flag": "glint_obelisk_north_mapped",
            "value": true
          },
          "effects": [
            {
              "type": "set_flag",
              "flag": "glint_north_threaded",
              "value": true
            }
          ],
          "target": "saltglass_glint_merge_ring"
        },
        {
          "text": "Let the reflections fall out of sync and retreat.",
          "target": "saltglass_obelisk_east"
        },
        {
          "text": "Steer the reflections into a safe corridor toward the Moon-Eel Suburb.",
          "target": "moon_eel_intro"
        },
        {
          "text": "(Storm-Conductor) Braid the gust-lights toward the Cloud-Burrow stormloom.",
          "condition": {
            "type": "has_tag",
            "value": "Storm-Conductor"
          },
          "target": "cloud_burrow_stormloom"
        }
      ]
    },
    "saltglass_glint_merge_ring": {
      "title": "Triangulation Ring",
      "text": "Three glint obelisks cast intersecting halos, a mirrored ring spinning fast enough to etch a permanent route.",
      "choices": [
        {
          "text": "(Cartographer) Seal the triangulation with the southern obelisk.",
          "condition": {
            "type": "flag_eq",
            "flag": "glint_obelisk_south_mapped",
            "value": true
          },
          "effects": [
            {
              "type": "set_flag",
              "flag": "glint_network_compiled",
              "value": true
            },
            {
              "type": "set_flag",
              "flag": "treaty_ready",
              "value": true
            },
            {
              "type": "unlock_start",
              "value": "shade_walker_outpost"
            }
          ],
          "target": "saltglass_glint_merge_ring"
        },
        {
          "text": "Carry the completed map to the caravan council.",
          "condition": {
            "type": "flag_eq",
            "flag": "glint_network_compiled",
            "value": true
          },
          "effects": [
            {
              "type": "set_flag",
              "flag": "map_presented",
              "value": true
            }
          ],
          "target": "saltglass_carravan_council"
        },
        {
          "text": "Let the reflections dim and return to the dunes.",
          "target": "saltglass_expanse"
        }
      ]
    },
    "saltglass_treaty_alignment": {
      "title": "Treaty Dais of Moving Shade",
      "text": "Prism panels unfurl as your shade key slots into place, the walking city's shadow forming a parliament of light.",
      "choices": [
        {
          "text": "(Cartographer) Proclaim the Treaty of Moving Shade.",
          "condition": {
            "type": "flag_eq",
            "flag": "treaty_ready",
            "value": true
          },
          "effects": [
            {
              "type": "remove_item",
              "value": "shade key"
            },
            {
              "type": "end_game",
              "value": "Treaty of Moving Shade"
            }
          ],
          "target": "ending_shade_treaty"
        },
        {
          "text": "(Tinkerer) Adjust the shade engine clamps for leverage.",
          "condition": {
            "type": "has_tag",
            "value": "Tinkerer"
          },
          "effects": [
            {
              "type": "rep_delta",
              "faction": "Quiet Ledger",
              "value": 1
            },
            {
              "type": "set_flag",
              "flag": "treaty_clamps_tuned",
              "value": true
            }
          ],
          "target": "saltglass_carravan_council"
        },
        {
          "text": "Step back to the caravan council with your findings.",
          "target": "saltglass_carravan_council"
        }
      ]
    }
  },
  "starts": [
    {
      "id": "shade_walker_outpost",
      "title": "Shade-Walker Outpost",
      "locked_title": "Shade-Walker Outpost (Locked)",
      "node": "saltglass_expanse",
      "tags": [
        "Cartographer",
        "Tinkerer"
      ],
      "locked": true,
      "blurb": "Guide caravans through migrating shade engines. Stealth and wit guard against tribute hunters."
    }
  ]
}
