{
  "_module_info": {
    "id": "shadow_marsh",
    "name": "Shadow Marshes",
    "description": "Content module for shadow_marsh area",
    "dependencies": [],
    "tags": [],
    "factions": [],
    "node_count": 1,
    "start_count": 1
  },
  "nodes": {
    "shadow_marshes_mist_pier": {
      "id": "shadow_marshes_mist_pier",
      "title": "Shadow Marshes Mist Pier",
      "text": "[This is an auto-generated placeholder for the missing 'shadow_marshes_mist_pier' location.] This location exists in the story but its content hasn't been written yet.",
      "choices": [
        {
          "text": "Continue the story (return to a safe location)",
          "target": "tutorial_arrival_beach"
        }
      ],
      "_auto_generated": true,
      "_generation_reason": "Missing node referenced by: Start 'shadow_marsh_guide'"
    }
  },
  "starts": [
    {
      "id": "shadow_marsh_guide",
      "title": "Shadow Marsh Guide",
      "locked_title": "Shadow Marsh Guide (Locked)",
      "node": "shadow_marshes_mist_pier",
      "tags": [
        "Shadow-Walker",
        "Scout"
      ],
      "locked": true,
      "blurb": "Lead travelers through marshes where shadows move independently. Negotiate with shadow merchants and navigate shifting paths."
    }
  ]
}
