{
  "_module_info": {
    "id": "singing_depths",
    "name": "Singing Depths",
    "description": "Content module for singing_depths area",
    "dependencies": [],
    "tags": [
      "Crystal-Harmonized",
      "Crystal-Scribe",
      "Crystal-Shaper",
      "Deep-Listener",
      "Echo-Attuned",
      "Healer",
      "Moss-Speaker",
      "Resonance-Healer",
      "Scout",
      "Wound-Listener"
    ],
    "factions": [
      "Deep Resonance"
    ],
    "node_count": 38,
    "start_count": 1
  },
  "nodes": {
    "singing_depths_entry": {
      "title": "The Singing Depths Entry Chamber",
      "text": "You descend through shafts of crystalline light into a vast natural amphitheater where the very stones seem to breathe with ancient music. The air shimmers with harmonics that make your bones resonate—this place has been singing for millennia, waiting for someone to understand its song.\n\nBioluminescent moss traces intricate patterns across the walls, pulsing brighter whenever the deep harmonies crescendo from the depths below. You sense this is more than mere cave decoration—the moss responds to the crystal formations like a living musical score.",
      "choices": [
        {
          "text": "(Deep-Listener) 'I can hear the song calling to me...' — Attune to the cavern's ancient resonance.",
          "condition": {
            "type": "has_tag",
            "value": "Deep-Listener"
          },
          "effects": [
            {
              "type": "add_tag",
              "value": "Echo-Attuned"
            },
            {
              "type": "rep_delta",
              "faction": "Deep Resonance",
              "value": 1
            },
            {
              "type": "set_flag",
              "flag": "depths_song_heard",
              "value": true
            }
          ],
          "target": "singing_depths_first_communion"
        },
        {
          "text": "'The moss pattern... it's showing me the way.' — Follow the living light deeper underground.",
          "effects": [
            {
              "type": "set_flag",
              "flag": "followed_moss_guide",
              "value": true
            }
          ],
          "target": "singing_depths_moss_revelation"
        },
        {
          "text": "(Healer) 'These frequencies... they're healing the stone itself.' — Study the therapeutic harmonics.",
          "condition": {
            "type": "has_tag",
            "value": "Healer"
          },
          "effects": [
            {
              "type": "hp_delta",
              "value": 2
            },
            {
              "type": "add_item",
              "value": "resonance_salve"
            },
            {
              "type": "set_flag",
              "flag": "discovered_healing_song",
              "value": true
            }
          ],
          "target": "singing_depths_healing_discovery"
        },
        {
          "text": "'These symbols... they're not carved. They're grown.' — Examine the living crystal script.",
          "effects": [
            {
              "type": "add_item",
              "value": "crystal_script_fragment"
            },
            {
              "type": "set_flag",
              "flag": "crystal_language_glimpsed",
              "value": true
            }
          ],
          "target": "singing_depths_ancient_language"
        },
        {
          "text": "'I'm not ready for this place yet.' — Return to prepare for the depths.",
          "target": "startways_nexus"
        }
      ]
    },
    "singing_depths_resonance_chamber": {
      "title": "Primary Resonance Chamber",
      "text": "A vast domed cavern where stalactites and stalagmites form a natural organ. Each formation vibrates with specific tones, creating complex harmonies that seem to carry meaning beyond mere sound.",
      "choices": [
        {
          "text": "(Deep-Listener) Attempt to decode the harmonic message.",
          "condition": {
            "type": "has_tag",
            "value": "Deep-Listener"
          },
          "effects": [
            {
              "type": "add_item",
              "value": "harmonic_key"
            },
            {
              "type": "set_flag",
              "flag": "depths_message_decoded",
              "value": true
            }
          ],
          "target": "singing_depths_archive_vault"
        },
        {
          "text": "(Echo-Attuned) Harmonize with the chamber to amplify the resonance.",
          "condition": {
            "type": "has_tag",
            "value": "Echo-Attuned"
          },
          "effects": [
            {
              "type": "rep_delta",
              "faction": "Deep Resonance",
              "value": 2
            },
            {
              "type": "set_flag",
              "flag": "resonance_amplified",
              "value": true
            }
          ],
          "target": "singing_depths_grand_cathedral"
        },
        {
          "text": "Study the acoustic properties for architectural insights.",
          "effects": [
            {
              "type": "add_item",
              "value": "acoustic_blueprint"
            }
          ],
          "target": "singing_depths_crystal_workshop"
        },
        {
          "text": "Venture toward the sound of underground water.",
          "target": "singing_depths_underground_river"
        }
      ]
    },
    "singing_depths_moss_tunnels": {
      "title": "Bioluminescent Moss Tunnels",
      "text": "Narrow passages wind through the rock, their walls carpeted with glowing moss that responds to sound with cascading waves of light. The air is thick with spores that tingle on your skin.",
      "choices": [
        {
          "text": "(Healer) Collect moss samples for medicinal research.",
          "condition": {
            "type": "has_tag",
            "value": "Healer"
          },
          "effects": [
            {
              "type": "add_item",
              "value": "glowing_moss_extract"
            },
            {
              "type": "rep_delta",
              "faction": "Deep Resonance",
              "value": 1
            }
          ],
          "target": "singing_depths_healing_pools"
        },
        {
          "text": "Follow the brightest moss trail deeper underground.",
          "target": "singing_depths_crystal_gardens"
        },
        {
          "text": "(Scout) Map the tunnel network for future expeditions.",
          "condition": {
            "type": "has_tag",
            "value": "Scout"
          },
          "effects": [
            {
              "type": "add_item",
              "value": "tunnel_map"
            },
            {
              "type": "unlock_start",
              "value": "singing_depths_diver"
            }
          ],
          "target": "singing_depths_navigation_hub"
        },
        {
          "text": "Create a light pattern to communicate with the moss.",
          "effects": [
            {
              "type": "add_tag",
              "value": "Moss-Speaker"
            }
          ],
          "target": "singing_depths_symbiotic_chamber"
        }
      ]
    },
    "singing_depths_healing_pools": {
      "title": "Resonant Healing Pools",
      "text": "Natural pools filled with mineral-rich water vibrate with healing frequencies. Steam rises carrying medicinal vapors, and the pools' edges are lined with crystalline formations that amplify the therapeutic effects.",
      "choices": [
        {
          "text": "(Healer) Establish a field hospital using the pools' properties.",
          "condition": {
            "type": "has_tag",
            "value": "Healer"
          },
          "effects": [
            {
              "type": "rep_delta",
              "faction": "Deep Resonance",
              "value": 2
            },
            {
              "type": "set_flag",
              "flag": "depths_hospital_established",
              "value": true
            }
          ],
          "target": "singing_depths_medical_sanctuary"
        },
        {
          "text": "Immerse yourself in the healing waters.",
          "effects": [
            {
              "type": "hp_delta",
              "value": 3
            },
            {
              "type": "add_trait",
              "value": "Resonance-Healed"
            }
          ],
          "target": "singing_depths_renewal_chamber"
        },
        {
          "text": "(Crystal-Shaper) Shape resonance crystals to contain the healing properties.",
          "condition": {
            "type": "has_tag",
            "value": "Crystal-Shaper"
          },
          "effects": [
            {
              "type": "add_item",
              "value": "healing_crystal"
            }
          ],
          "target": "singing_depths_crystal_workshop"
        },
        {
          "text": "Study the water's mineral composition.",
          "effects": [
            {
              "type": "add_item",
              "value": "mineral_analysis"
            }
          ],
          "target": "singing_depths_research_lab"
        }
      ]
    },
    "singing_depths_crystal_gardens": {
      "title": "Living Crystal Gardens",
      "text": "Vast caverns where crystals grow like strange flowers, each one singing a unique note. The formations shift slowly, creating ever-changing melodies as they grow and interact with each other.",
      "choices": [
        {
          "text": "(Crystal-Shaper) Guide the growth of new crystal formations.",
          "condition": {
            "type": "has_tag",
            "value": "Crystal-Shaper"
          },
          "effects": [
            {
              "type": "rep_delta",
              "faction": "Deep Resonance",
              "value": 2
            },
            {
              "type": "add_item",
              "value": "shaped_harmony_crystal"
            }
          ],
          "target": "singing_depths_master_garden"
        },
        {
          "text": "Harvest singing crystal fragments for study.",
          "effects": [
            {
              "type": "add_item",
              "value": "crystal_fragment"
            }
          ],
          "target": "singing_depths_crystal_workshop"
        },
        {
          "text": "(Deep-Listener) Record the crystal symphony for preservation.",
          "condition": {
            "type": "has_tag",
            "value": "Deep-Listener"
          },
          "effects": [
            {
              "type": "add_item",
              "value": "crystal_symphony_recording"
            }
          ],
          "target": "singing_depths_archive_vault"
        },
        {
          "text": "Meditate among the singing crystals.",
          "effects": [
            {
              "type": "add_tag",
              "value": "Crystal-Harmonized"
            }
          ],
          "target": "singing_depths_meditation_grove"
        }
      ]
    },
    "singing_depths_grand_cathedral": {
      "title": "Grand Crystal Cathedral",
      "text": "The largest chamber in the depths, with crystal formations reaching hundreds of feet toward a natural dome. The acoustics here can amplify a whisper to be heard throughout the entire cavern system.",
      "choices": [
        {
          "text": "(Deep-Listener) Conduct the Grand Symphony of the Depths.",
          "condition": [
            {
              "type": "has_tag",
              "value": "Deep-Listener"
            },
            {
              "type": "flag_eq",
              "flag": "resonance_amplified",
              "value": true
            }
          ],
          "effects": [
            {
              "type": "rep_delta",
              "faction": "Deep Resonance",
              "value": 3
            },
            {
              "type": "set_flag",
              "flag": "grand_symphony_conducted",
              "value": true
            }
          ],
          "target": "ending_crystal_symphony"
        },
        {
          "text": "Establish this as a meeting place for all underground dwellers.",
          "effects": [
            {
              "type": "rep_delta",
              "faction": "Deep Resonance",
              "value": 2
            },
            {
              "type": "set_flag",
              "flag": "cathedral_assembly_established",
              "value": true
            }
          ],
          "target": "ending_cavern_city_architect"
        },
        {
          "text": "Use the amplification to send messages to the surface.",
          "effects": [
            {
              "type": "set_flag",
              "flag": "surface_contact_established",
              "value": true
            }
          ],
          "target": "singing_depths_communication_spire"
        }
      ]
    },
    "singing_depths_first_communion": {
      "title": "The First Communion",
      "text": "As you open your mind to the depths' ancient song, the crystalline formations around you pulse with recognition. The music isn't random—it's a conversation that has waited centuries for someone who could hear both sides.\n\n\"Welcome, Echo-Attuned,\" whispers a voice like wind through crystal chimes. \"We are the last guardians of the Deep Resonance, and our time grows short. The surface world's discord threatens to shatter what we protect here.\"\n\nYou realize you're not just exploring a cave—you've stumbled into a crisis that could determine the fate of two worlds.",
      "choices": [
        {
          "text": "'Tell me what threatens this place. I want to help.'",
          "effects": [
            {
              "type": "rep_delta",
              "faction": "Deep Resonance",
              "value": 2
            },
            {
              "type": "set_flag",
              "flag": "depths_champion",
              "value": true
            }
          ],
          "target": "singing_depths_guardian_council"
        },
        {
          "text": "'What exactly are you protecting down here?'",
          "effects": [
            {
              "type": "add_item",
              "value": "harmonic_key"
            }
          ],
          "target": "singing_depths_heart_revelation"
        },
        {
          "text": "'I came seeking knowledge, not to choose sides in ancient conflicts.'",
          "target": "singing_depths_neutral_path"
        }
      ]
    },
    "singing_depths_moss_revelation": {
      "title": "The Living Network",
      "text": "Following the moss deeper into the caverns, you discover it's not just decoration—it's a living communication network connecting every crystal formation in the depths. The moss pulses with messages traveling at the speed of light, coordinating the great harmonic symphony that keeps this realm stable.\n\nSudenly, the moss flares brilliant red. Something is wrong. Deep in the network, you sense panic, discord... and approaching danger from the surface world.",
      "choices": [
        {
          "text": "Touch the moss network to receive its urgent message.",
          "effects": [
            {
              "type": "add_tag",
              "value": "Moss-Speaker"
            },
            {
              "type": "set_flag",
              "flag": "moss_network_accessed",
              "value": true
            }
          ],
          "target": "singing_depths_crisis_revealed"
        },
        {
          "text": "Follow the strongest pulse to find the source of the disturbance.",
          "target": "singing_depths_disturbance_source"
        },
        {
          "text": "Try to calm the moss network with gentle harmonics.",
          "effects": [
            {
              "type": "rep_delta",
              "faction": "Deep Resonance",
              "value": 1
            }
          ],
          "target": "singing_depths_harmony_attempt"
        }
      ]
    },
    "singing_depths_healing_discovery": {
      "title": "The Resonant Healer",
      "text": "Your healer's instincts prove correct—the crystal formations aren't just making music, they're performing a continuous healing ritual on a massive scale. The entire cave system is one enormous medical symphony, maintaining the health of something vast and vital.\n\nAs you examine the patterns more closely, you realize with growing awe and horror that the depths are healing the world itself. Every discord in the surface lands, every war, every breaking of harmony—it all creates wounds that these crystals work tirelessly to mend.\n\nBut now you can hear it: the healing song is breaking down. There are too many wounds, arriving too fast.",
      "choices": [
        {
          "text": "'I need to learn this healing technique to help from the surface.'",
          "effects": [
            {
              "type": "add_tag",
              "value": "Resonance-Healer"
            },
            {
              "type": "set_flag",
              "flag": "healing_symphony_learned",
              "value": true
            }
          ],
          "target": "singing_depths_healing_training"
        },
        {
          "text": "'Show me the source of these wounds. I want to stop them at the root.'",
          "target": "singing_depths_wound_source"
        },
        {
          "text": "'What would happen if the healing song stopped completely?'",
          "target": "singing_depths_apocalypse_vision"
        }
      ]
    },
    "singing_depths_ancient_language": {
      "title": "The Script of Stone and Light",
      "text": "The symbols you thought were carved into the crystal walls reveal themselves to be something far more remarkable—they're alive, growing and shifting like crystalline vines that write themselves. This is the written form of the Deep Resonance, a language that exists in three dimensions and grows through time.\n\nAs you watch, new words bloom across the walls: 'Surface-walker... you read the deep script... we have waited long... time grows short... will you carry our words above?'\n\nYou're witnessing the birth of a message that could change everything—if you can learn to read it fully.",
      "choices": [
        {
          "text": "'I'll learn your language. Teach me to read the deep script.'",
          "effects": [
            {
              "type": "add_tag",
              "value": "Crystal-Scribe"
            },
            {
              "type": "set_flag",
              "flag": "learning_crystal_language",
              "value": true
            }
          ],
          "target": "singing_depths_language_lessons"
        },
        {
          "text": "'What message do you need me to carry to the surface?'",
          "effects": [
            {
              "type": "add_item",
              "value": "crystal_message_urgent"
            }
          ],
          "target": "singing_depths_urgent_message"
        },
        {
          "text": "'I'll help, but first I need to understand what's really happening here.'",
          "target": "singing_depths_full_truth"
        }
      ]
    },
    "singing_depths_guardian_council": {
      "title": "Council of the Deep",
      "text": "You're led through passages of living crystal to a vast chamber where the last three Crystal Guardians maintain their eternal watch. Each appears as a fusion of humanoid form and crystalline growth—ancient beings who chose to become one with the depths to preserve them.\n\n'Surface-dweller,' speaks the eldest, her voice like distant thunder, 'your world's conflicts create psychic wounds that poison the resonance. Wars, betrayals, broken trusts—they echo down to us and corrupt our healing songs. If we cannot cleanse them, both our worlds will fall to discord.'\n\n'But you...' adds another guardian, 'you carry the echo of peace. You could be the bridge we need.'",
      "choices": [
        {
          "text": "'Make me a Guardian too. Let me join your eternal watch.'",
          "effects": [
            {
              "type": "add_trait",
              "value": "Guardian-Candidate"
            }
          ],
          "target": "singing_depths_transformation_choice"
        },
        {
          "text": "'I'll work from the surface to heal the conflicts at their source.'",
          "effects": [
            {
              "type": "add_item",
              "value": "harmony_beacon"
            }
          ],
          "target": "singing_depths_surface_mission"
        },
        {
          "text": "'Teach me to hear these wounds so I can guide others to heal them.'",
          "effects": [
            {
              "type": "add_tag",
              "value": "Wound-Listener"
            }
          ],
          "target": "singing_depths_empathy_training"
        }
      ]
    },
    "singing_depths_heart_revelation": {
      "title": "The Deep Truth",
      "text": "The ancient Guardian's eyes shimmer with crystal tears as she reveals the truth: 'This realm exists to heal the wounds that surface conflicts tear in the world's harmony. Every war above sends tremors through the foundations of reality. We sing the healing songs to prevent complete collapse.'\n\nShe gestures toward the living walls. 'But the damage is accelerating faster than we can repair it. The surface world may not survive another generation of such discord unless something changes.'\n\nThe weight of this revelation settles on your shoulders like a mantle of responsibility.",
      "choices": [
        {
          "text": "'I understand now. What can I do from the surface to help?'",
          "target": "singing_depths_surface_mission"
        },
        {
          "text": "'Then I'll stay and learn to be a Guardian myself.'",
          "target": "singing_depths_transformation_choice"
        },
        {
          "text": "'There must be another way—one that doesn't require such sacrifice.'",
          "target": "singing_depths_neutral_path"
        }
      ]
    },
    "singing_depths_surface_mission": {
      "title": "Messenger of Harmony",
      "text": "The Guardian nods gravely. 'You would carry our song to the surface, becoming a bridge between worlds. It is a path few can walk—you must learn to speak peace while conflict rages around you.'\n\nShe places a resonant crystal in your palm. 'This will help you remember the deep harmonies when surface cacophony threatens to drown them out. But know this: once you become a peacemaker, you can never again take sides in war.'\n\nThe crystal hums softly against your skin, already changing how you perceive the world.",
      "on_enter": [
        {
          "type": "add_tag",
          "value": "Harmony-Speaker"
        },
        {
          "type": "add_item",
          "value": "resonance crystal"
        },
        {
          "type": "rep_delta",
          "faction": "Deep Resonance",
          "value": 2
        }
      ],
      "choices": [
        {
          "text": "Accept this sacred responsibility and prepare to return to the surface.",
          "target": "singing_depths_communication_spire",
          "effects": [
            {
              "type": "set_flag",
              "flag": "harmony_mission",
              "value": true
            }
          ]
        },
        {
          "text": "'I need more time to understand what this truly means.'",
          "target": "singing_depths_empathy_training"
        }
      ]
    },
    "singing_depths_empathy_training": {
      "title": "Learning to Listen",
      "text": "The Guardian leads you to a chamber where the walls pulse with the emotions of surface dwellers. You feel the fear of farmers during raids, the desperate courage of soldiers, the grief of those who've lost loved ones to conflict.\n\n'Every surface emotion echoes here,' she explains as you struggle not to be overwhelmed. 'To heal, you must first understand the depth of the wounds. Touch the wall and let yourself feel their pain—only then can you learn to transmute it.'\n\nThe experience is intense, but gradually you begin to distinguish between the different emotional currents.",
      "choices": [
        {
          "text": "Embrace the full depth of surface suffering to truly understand.",
          "target": "singing_depths_wound_source",
          "effects": [
            {
              "type": "add_trait",
              "value": "Empathic Sight"
            }
          ]
        },
        {
          "text": "Focus on the healing techniques rather than the pain itself.",
          "target": "singing_depths_healing_training"
        },
        {
          "text": "'This is too much. I can't carry all this suffering.'",
          "target": "singing_depths_guardian_council"
        },
        {
          "text": "Use your newfound empathy to return to the surface world.",
          "target": "startways_nexus"
        },
        {
          "text": "Return to the surface world with your new understanding.",
          "target": "startways_nexus"
        }
      ]
    },
    "singing_depths_wound_source": {
      "title": "The Source of All Wounds",
      "text": "As you open yourself fully to the pain flowing from the surface, you begin to see the underlying patterns. Most conflicts aren't born from genuine disagreement—they stem from fear, misunderstanding, and the inability to truly hear one another.\n\nA vision forms in the crystal walls: you see how a simple trade dispute escalated into warfare because neither side could bridge the gap between their different ways of communicating. The real enemies are not the people themselves, but the barriers that prevent authentic connection.\n\n'Now you see,' the Guardian whispers. 'The healing begins not with stopping the fighting, but with teaching people how to truly listen.'",
      "on_enter": [
        {
          "type": "add_trait",
          "value": "Truth-Speaker"
        },
        {
          "type": "set_flag",
          "flag": "wound_understanding",
          "value": true
        }
      ],
      "choices": [
        {
          "text": "'Teach me how to break down those barriers of communication.'",
          "target": "singing_depths_language_lessons"
        },
        {
          "text": "'I want to learn the healing songs that can bridge any divide.'",
          "target": "singing_depths_healing_training"
        },
        {
          "text": "Return to the surface immediately with this knowledge.",
          "target": "singing_depths_urgent_message"
        }
      ]
    },
    "singing_depths_language_lessons": {
      "title": "The Universal Language",
      "text": "The Guardian teaches you the deep script—not just the written symbols, but the emotional harmonics that underlie all communication. You learn that every language carries the fears and hopes of its speakers, and that true understanding requires hearing not just words, but the feelings beneath them.\n\n'When surface dwellers cannot understand each other, it's often because they're speaking from different emotional states,' she explains as glowing symbols dance in the air around you. 'Fear speaks one language, hope another. Learn to translate between these emotional dialects, and you can bridge any divide.'\n\nThe knowledge settles into your mind like a new sense awakening.",
      "on_enter": [
        {
          "type": "add_tag",
          "value": "Deep-Listener"
        },
        {
          "type": "add_trait",
          "value": "Universal Translator"
        }
      ],
      "choices": [
        {
          "text": "Master this art and become a professional mediator.",
          "target": "root_assembly_mediation_attempt"
        },
        {
          "text": "Learn to record and preserve these communication techniques.",
          "target": "singing_depths_archive_vault"
        },
        {
          "text": "Prepare to teach others this universal language.",
          "target": "singing_depths_full_truth"
        }
      ]
    },
    "singing_depths_healing_training": {
      "title": "Songs of Restoration",
      "text": "The healing songs are more complex than you imagined—they're not just melodies, but entire symphonies of emotional restoration. You learn how specific harmonic patterns can dissolve anger, how rhythm can rebuild trust, and how silence itself can create space for understanding.\n\nThe Guardian demonstrates by singing to a withered crystal formation. Under her song, it begins to bloom with renewed light, its fractures healing and its surface becoming smooth again. 'Emotional wounds follow similar patterns,' she explains. 'But the healing must come from within—the song merely provides the conditions for natural restoration.'\n\nYour voice begins to carry new harmonic qualities as the training progresses.",
      "on_enter": [
        {
          "type": "add_tag",
          "value": "Harmony-Speaker"
        },
        {
          "type": "add_trait",
          "value": "Healing Voice"
        }
      ],
      "choices": [
        {
          "text": "Focus on learning to heal traumatic memories.",
          "target": "singing_depths_renewal_chamber"
        },
        {
          "text": "Learn to create healing environments for groups.",
          "target": "singing_depths_medical_sanctuary"
        },
        {
          "text": "Study the theoretical foundations behind the healing songs.",
          "target": "singing_depths_research_lab"
        }
      ]
    },
    "singing_depths_crystal_workshop": {
      "title": "Resonance Forge",
      "text": "Within this workshop, crystal formations grow under guided harmonies. The Guardian shows you how to shape living crystal with song, creating instruments that can store and amplify healing vibrations. The work requires both technical precision and deep emotional attunement.\n\n'Each crystal remembers the song that shaped it,' she explains as you watch her coax a new formation from raw crystal seed. 'Shape them with healing intent, and they become tools for restoration. Shape them with malice, and they become weapons. The crystal merely amplifies what the shaper truly feels.'\n\nThe implications are both inspiring and sobering.",
      "on_enter": [
        {
          "type": "add_tag",
          "value": "Crystal-Shaper"
        }
      ],
      "choices": [
        {
          "text": "Create healing crystals to take to the surface.",
          "target": "singing_depths_renewal_chamber",
          "effects": [
            {
              "type": "add_item",
              "value": "healing crystal"
            }
          ]
        },
        {
          "text": "Learn to grow crystal instruments for teaching harmony.",
          "target": "singing_depths_archive_vault",
          "effects": [
            {
              "type": "add_item",
              "value": "harmony flute"
            }
          ]
        },
        {
          "text": "Study the dangerous applications to understand their prevention.",
          "target": "singing_depths_apocalypse_vision"
        }
      ]
    },
    "singing_depths_apocalypse_vision": {
      "title": "When the Music Stops",
      "text": "The Guardian reluctantly shows you the vision she most fears—what would happen if the healing songs fell silent. Crystal formations throughout the chamber show scenes of devastation: surface wars spiraling beyond all control, reality itself beginning to fracture under the weight of unhealed wounds, landscapes twisted by the emotional violence of eternal conflict.\n\n'This is why we cannot simply withdraw our protection,' she says as the visions fade. 'But maintaining the songs forever is also unsustainable—we need surface dwellers to learn harmony themselves, or this realm will eventually exhaust itself trying to heal wounds that are constantly reopened.'\n\nThe urgency of finding a better solution becomes clear.",
      "on_enter": [
        {
          "type": "set_flag",
          "flag": "apocalypse_vision",
          "value": true
        }
      ],
      "choices": [
        {
          "text": "'Then I'll dedicate my life to teaching surface harmony.'",
          "target": "singing_depths_surface_mission"
        },
        {
          "text": "'There must be a way to make the healing self-sustaining.'",
          "target": "singing_depths_research_lab"
        },
        {
          "text": "'What if we could teach the songs to representatives from every faction?'",
          "target": "singing_depths_urgent_message"
        }
      ]
    },
    "singing_depths_neutral_path": {
      "title": "The Middle Way",
      "description": "You choose neither full transformation nor complete rejection, instead forging a new path that preserves your identity while accepting responsibility as a permanent ambassador between the worlds.",
      "tags": [
        "Deep-Listener",
        "Diplomat"
      ],
      "choices": [
        {
          "text": "Establish the first inter-world embassy.",
          "target": "singing_depths_embassy_founding"
        },
        {
          "text": "Begin regular diplomatic missions.",
          "target": "singing_depths_surface_mission"
        },
        {
          "text": "Study how to strengthen the barrier safely.",
          "target": "singing_depths_research_lab"
        },
        {
          "text": "Return to the Startways Nexus as ambassador.",
          "target": "startways_nexus"
        }
      ]
    },
    "singing_depths_full_truth": {
      "title": "The Complete Truth",
      "description": "The network reveals the complete scope: surface mining operations have unknowingly destabilized the acoustic foundations that keep both worlds stable. Without intervention, both realms face collapse.",
      "tags": [
        "Deep-Listener",
        "Scholar"
      ],
      "choices": [
        {
          "text": "Take on the diplomatic mission to the surface.",
          "target": "singing_depths_surface_mission"
        },
        {
          "text": "Study the technical aspects of the breach.",
          "target": "singing_depths_wound_source"
        },
        {
          "text": "Coordinate with depth guardians for solutions.",
          "target": "singing_depths_guardian_council"
        },
        {
          "text": "Return to the nexus to gather more help.",
          "target": "startways_nexus"
        }
      ]
    },
    "singing_depths_harmony_attempt": {
      "title": "Harmonizing the Network",
      "description": "Your gentle harmonics begin to calm the frantic moss network. The red warning glow softens to amber, then golden yellow. The network's panic subsides, but its message remains urgent.",
      "tags": [
        "Deep-Listener",
        "Healer"
      ],
      "choices": [
        {
          "text": "Request the network's full message now that it's calmed.",
          "target": "singing_depths_ancient_language"
        },
        {
          "text": "Ask the network to show you the source of danger.",
          "target": "singing_depths_disturbance_source"
        },
        {
          "text": "Offer to help coordinate a response.",
          "target": "singing_depths_guardian_council"
        },
        {
          "text": "Return to safer areas to plan.",
          "target": "startways_nexus"
        }
      ]
    },
    "singing_depths_symbiotic_chamber": {
      "title": "Symbiotic Chamber",
      "description": "You find yourself in symbiotic chamber, a location within the Singing Depths region. The path forward remains unclear, but you sense this area holds significance.",
      "tags": [],
      "choices": [
        {
          "text": "Explore this area further.",
          "target": "singing_depths_symbiotic_chamber"
        },
        {
          "text": "Return to the main pathways.",
          "target": "startways_nexus"
        }
      ]
    },
    "singing_depths_master_garden": {
      "title": "Master Garden",
      "description": "You find yourself in master garden, a location within the Singing Depths region. The path forward remains unclear, but you sense this area holds significance.",
      "tags": [],
      "choices": [
        {
          "text": "Explore this area further.",
          "target": "singing_depths_master_garden"
        },
        {
          "text": "Return to the main pathways.",
          "target": "startways_nexus"
        }
      ]
    },
    "singing_depths_transformation_choice": {
      "title": "The Transformation Offer",
      "description": "The guardian council reveals their ultimate option: they can transform you into a bridge between worlds, giving you the power to heal both surface and depths—but at the cost of your current form and identity.",
      "tags": [
        "Deep-Listener"
      ],
      "choices": [
        {
          "text": "Accept the transformation to save both worlds.",
          "target": "ending_depths_bridge_keeper"
        },
        {
          "text": "Decline and seek alternative solutions.",
          "target": "singing_depths_alternative_solutions"
        },
        {
          "text": "Ask for time to consider the implications.",
          "target": "singing_depths_meditation_grove"
        },
        {
          "text": "Return to the surface with their message.",
          "target": "startways_nexus"
        }
      ]
    },
    "singing_depths_crisis_revealed": {
      "title": "Crisis Revealed",
      "description": "The moss network shares its urgent vision: surface miners have breached a harmonic seal, threatening to shatter the depths' delicate resonance. The crisis demands immediate action to preserve both worlds.",
      "tags": [
        "Deep-Listener"
      ],
      "choices": [
        {
          "text": "Volunteer to negotiate with the surface miners.",
          "target": "singing_depths_surface_mission"
        },
        {
          "text": "Study the broken seal to understand the damage.",
          "target": "singing_depths_wound_source"
        },
        {
          "text": "Rally the depths' guardians for defense.",
          "target": "singing_depths_guardian_council"
        },
        {
          "text": "Return to the Startways Nexus with this intelligence.",
          "target": "startways_nexus"
        }
      ]
    },
    "singing_depths_navigation_hub": {
      "title": "Navigation Hub",
      "description": "You find yourself in navigation hub, a location within the Singing Depths region. The path forward remains unclear, but you sense this area holds significance.",
      "tags": [],
      "choices": [
        {
          "text": "Explore this area further.",
          "target": "singing_depths_navigation_hub"
        },
        {
          "text": "Return to the main pathways.",
          "target": "startways_nexus"
        }
      ]
    },
    "singing_depths_urgent_message": {
      "title": "Urgent Network Message",
      "description": "The moss network pulses with concentrated urgency, transmitting a flood of information about surface disruption and damaged harmonic seals. The message is crystal clear: immediate action is needed.",
      "tags": [
        "Deep-Listener"
      ],
      "choices": [
        {
          "text": "Accept the mission to mediate surface conflicts.",
          "target": "singing_depths_surface_mission"
        },
        {
          "text": "Investigate the damaged seals personally.",
          "target": "singing_depths_wound_source"
        },
        {
          "text": "Rally the depths' guardians first.",
          "target": "singing_depths_guardian_council"
        },
        {
          "text": "Return to report to the Startways Nexus.",
          "target": "startways_nexus"
        }
      ]
    },
    "singing_depths_underground_river": {
      "title": "Underground River",
      "description": "You find yourself in underground river, a location within the Singing Depths region. The path forward remains unclear, but you sense this area holds significance.",
      "tags": [],
      "choices": [
        {
          "text": "Explore this area further.",
          "target": "singing_depths_underground_river"
        },
        {
          "text": "Return to the main pathways.",
          "target": "startways_nexus"
        }
      ]
    },
    "singing_depths_disturbance_source": {
      "title": "Source of Disturbance",
      "description": "Following the network's strongest pulses leads you to a cavern where crystalline formations vibrate with distress. Here, the boundary between the depths and surface world grows thin.",
      "tags": [
        "Deep-Listener"
      ],
      "choices": [
        {
          "text": "Investigate the thinning boundary.",
          "target": "singing_depths_wound_source"
        },
        {
          "text": "Try to stabilize the crystal formations.",
          "target": "singing_depths_healing_pools"
        },
        {
          "text": "Seek guidance from the moss network.",
          "target": "singing_depths_moss_revelation"
        },
        {
          "text": "Return to the central Startways Nexus.",
          "target": "startways_nexus"
        }
      ]
    },
    "singing_depths_archive_vault": {
      "id": "singing_depths_archive_vault",
      "title": "Singing Depths Archive Vault",
      "text": "[This is an auto-generated placeholder for the missing 'singing_depths_archive_vault' location.] This location exists in the story but its content hasn't been written yet.",
      "choices": [
        {
          "text": "Continue the story (return to a safe location)",
          "target": "tutorial_arrival_beach"
        }
      ],
      "_auto_generated": true,
      "_generation_reason": "Missing node referenced by: Node 'singing_depths_resonance_chamber' choice 0, Node 'singing_depths_crystal_gardens' choice 2, Node 'singing_depths_language_lessons' choice 1, Node 'singing_depths_crystal_workshop' choice 1"
    },
    "singing_depths_medical_sanctuary": {
      "id": "singing_depths_medical_sanctuary",
      "title": "Singing Depths Medical Sanctuary",
      "text": "[This is an auto-generated placeholder for the missing 'singing_depths_medical_sanctuary' location.] This location exists in the story but its content hasn't been written yet.",
      "choices": [
        {
          "text": "Continue the story (return to a safe location)",
          "target": "tutorial_arrival_beach"
        }
      ],
      "_auto_generated": true,
      "_generation_reason": "Missing node referenced by: Node 'singing_depths_healing_pools' choice 0, Node 'singing_depths_healing_training' choice 1"
    },
    "singing_depths_renewal_chamber": {
      "id": "singing_depths_renewal_chamber",
      "title": "Singing Depths Renewal Chamber",
      "text": "[This is an auto-generated placeholder for the missing 'singing_depths_renewal_chamber' location.] This location exists in the story but its content hasn't been written yet.",
      "choices": [
        {
          "text": "Continue the story (return to a safe location)",
          "target": "tutorial_arrival_beach"
        }
      ],
      "_auto_generated": true,
      "_generation_reason": "Missing node referenced by: Node 'singing_depths_healing_pools' choice 1, Node 'singing_depths_healing_training' choice 0, Node 'singing_depths_crystal_workshop' choice 0"
    },
    "singing_depths_research_lab": {
      "id": "singing_depths_research_lab",
      "title": "Singing Depths Research Lab",
      "text": "[This is an auto-generated placeholder for the missing 'singing_depths_research_lab' location.] This location exists in the story but its content hasn't been written yet.",
      "choices": [
        {
          "text": "Continue the story (return to a safe location)",
          "target": "tutorial_arrival_beach"
        }
      ],
      "_auto_generated": true,
      "_generation_reason": "Missing node referenced by: Node 'singing_depths_healing_pools' choice 3, Node 'singing_depths_healing_training' choice 2, Node 'singing_depths_apocalypse_vision' choice 1, Node 'singing_depths_neutral_path' choice 2"
    },
    "singing_depths_meditation_grove": {
      "id": "singing_depths_meditation_grove",
      "title": "Singing Depths Meditation Grove",
      "text": "[This is an auto-generated placeholder for the missing 'singing_depths_meditation_grove' location.] This location exists in the story but its content hasn't been written yet.",
      "choices": [
        {
          "text": "Continue the story (return to a safe location)",
          "target": "tutorial_arrival_beach"
        }
      ],
      "_auto_generated": true,
      "_generation_reason": "Missing node referenced by: Node 'singing_depths_crystal_gardens' choice 3, Node 'singing_depths_transformation_choice' choice 2"
    },
    "singing_depths_communication_spire": {
      "id": "singing_depths_communication_spire",
      "title": "Singing Depths Communication Spire",
      "text": "[This is an auto-generated placeholder for the missing 'singing_depths_communication_spire' location.] This location exists in the story but its content hasn't been written yet.",
      "choices": [
        {
          "text": "Continue the story (return to a safe location)",
          "target": "tutorial_arrival_beach"
        }
      ],
      "_auto_generated": true,
      "_generation_reason": "Missing node referenced by: Node 'singing_depths_grand_cathedral' choice 2, Node 'singing_depths_surface_mission' choice 0"
    },
    "singing_depths_embassy_founding": {
      "id": "singing_depths_embassy_founding",
      "title": "Singing Depths Embassy Founding",
      "text": "[This is an auto-generated placeholder for the missing 'singing_depths_embassy_founding' location.] This location exists in the story but its content hasn't been written yet.",
      "choices": [
        {
          "text": "Continue the story (return to a safe location)",
          "target": "tutorial_arrival_beach"
        }
      ],
      "_auto_generated": true,
      "_generation_reason": "Missing node referenced by: Node 'singing_depths_neutral_path' choice 0"
    },
    "singing_depths_alternative_solutions": {
      "id": "singing_depths_alternative_solutions",
      "title": "Singing Depths Alternative Solutions",
      "text": "[This is an auto-generated placeholder for the missing 'singing_depths_alternative_solutions' location.] This location exists in the story but its content hasn't been written yet.",
      "choices": [
        {
          "text": "Continue the story (return to a safe location)",
          "target": "tutorial_arrival_beach"
        }
      ],
      "_auto_generated": true,
      "_generation_reason": "Missing node referenced by: Node 'singing_depths_transformation_choice' choice 1"
    }
  },
  "starts": [
    {
      "id": "singing_depths_diver",
      "title": "Singing Depths Diver",
      "locked_title": "Singing Depths Diver (Locked)",
      "node": "singing_depths_entry",
      "tags": [
        "Deep-Listener",
        "Healer"
      ],
      "locked": true,
      "blurb": "Descend into resonant caverns where crystal formations sing with ancient memories. Harmonize with deep echoes to unlock forgotten passages."
    }
  ]
}
