{
  "_module_info": {
    "id": "starfallen",
    "name": "Starfallen",
    "description": "Content module for starfallen area",
    "dependencies": [],
    "tags": [
      "Cartographer",
      "Dreamwalker",
      "Glasswright",
      "Healer",
      "Resonant",
      "Root-Speaker",
      "Tide-Singer"
    ],
    "factions": [
      "Freehands",
      "Prism Cartel",
      "Quiet Ledger",
      "Root Assembly"
    ],
    "node_count": 17,
    "start_count": 0
  },
  "nodes": {
    "starfallen_orchard_meteoric_gate": {
      "title": "Meteoric Gate",
      "text": "Meteor-split trunks arch overhead, humming as orchardists check ledgers hung from branches. Dew that remembers every footfall beads along the path ahead.",
      "choices": [
        {
          "text": "(Resonant) Trade chords with the gatekeeper to align the grove's pulse.",
          "condition": {
            "type": "has_tag",
            "value": "Resonant"
          },
          "effects": [
            {
              "type": "rep_delta",
              "faction": "Quiet Ledger",
              "value": 1
            }
          ],
          "target": "starfallen_orchard_resonance_grove"
        },
        {
          "text": "(Cartographer) Trace the meteor scars to orient the next harvest rows.",
          "condition": {
            "type": "has_tag",
            "value": "Cartographer"
          },
          "effects": [
            {
              "type": "set_flag",
              "flag": "orchard_gate_surveyed",
              "value": true
            }
          ],
          "target": "starfallen_orchard_cartography_canopy"
        },
        {
          "text": "(Cartographer+Glasswright) Align mirrored root maps to open a harmonic passage.",
          "condition": {
            "type": "has_tag",
            "value": [
              "Cartographer",
              "Glasswright"
            ]
          },
          "effects": [
            {
              "type": "set_flag",
              "flag": "orchard_harmonic_passage",
              "value": true
            }
          ],
          "target": "starfallen_orchard_harmonic_map"
        },
        {
          "text": "Shadow the orchardists toward the echo press hall.",
          "target": "starfallen_orchard_echo_press"
        },
        {
          "text": "Peel away along the saltglass trade path.",
          "target": "saltglass_expanse"
        }
      ]
    },
    "starfallen_orchard_echo_press": {
      "title": "Echo Press Hall",
      "text": "Copper presses squeeze starlit juice into memory flasks while archivists whisper transcripts. The air tastes of resin and rain recalled from distant harvests.",
      "choices": [
        {
          "text": "Help catalogue the jars of remembered rain.",
          "effects": [
            {
              "type": "set_flag",
              "flag": "orchard_commons_ready",
              "value": true
            }
          ],
          "target": "starfallen_orchard_memory_rows"
        },
        {
          "text": "(Glasswright) Recalibrate the prismatic decanters to catch stray memories.",
          "condition": {
            "type": "has_tag",
            "value": "Glasswright"
          },
          "effects": [
            {
              "type": "rep_delta",
              "faction": "Quiet Ledger",
              "value": 1
            }
          ],
          "target": "starfallen_orchard_glass_lattice"
        },
        {
          "text": "(Glasswright+Root-Speaker) Fuse saplight and latticework to balance the press.",
          "condition": {
            "type": "has_tag",
            "value": [
              "Glasswright",
              "Root-Speaker"
            ]
          },
          "effects": [
            {
              "type": "set_flag",
              "flag": "orchard_prism_roots",
              "value": true
            }
          ],
          "target": "starfallen_orchard_prism_roots"
        },
        {
          "text": "(Dreamwalker+Healer) Dream a restorative blend for weary orchardists.",
          "condition": {
            "type": "has_tag",
            "value": [
              "Dreamwalker",
              "Healer"
            ]
          },
          "effects": [
            {
              "type": "set_flag",
              "flag": "orchard_dream_tonic",
              "value": true
            }
          ],
          "target": "starfallen_orchard_dream_nursery"
        },
        {
          "text": "(Healer) Massage sap-weary hands with meteor balm.",
          "condition": {
            "type": "has_tag",
            "value": "Healer"
          },
          "effects": [
            {
              "type": "rep_delta",
              "faction": "Root Assembly",
              "value": 1
            }
          ],
          "target": "starfallen_orchard_healer_bower"
        },
        {
          "text": "(Favor) Trade a favor for a private memory graft.",
          "condition": {
            "type": "has_item",
            "value": "favor"
          },
          "effects": [
            {
              "type": "remove_item",
              "value": "favor"
            },
            {
              "type": "set_flag",
              "flag": "orchard_private_spool",
              "value": true
            }
          ],
          "target": "starfallen_orchard_story_graft"
        }
      ]
    },
    "starfallen_orchard_memory_rows": {
      "title": "Memory Rows",
      "text": "Rows of luminous fruit sway with chimes of stored voices, each branch etched with meteor glass tallies. Orchardists nod as you pass, their satchels heavy with stories owed.",
      "choices": [
        {
          "text": "Follow the furrow toward the meteor cradle.",
          "target": "starfallen_orchard_meteor_cradle"
        },
        {
          "text": "(Cartographer) Note the resonance lines and update your root map.",
          "condition": {
            "type": "has_tag",
            "value": "Cartographer"
          },
          "effects": [
            {
              "type": "set_flag",
              "flag": "orchard_map_shared",
              "value": true
            }
          ],
          "target": "starfallen_orchard_cartography_canopy"
        },
        {
          "text": "(Resonant) Lead a lullaby to settle the most burdened branches.",
          "condition": {
            "type": "has_tag",
            "value": "Resonant"
          },
          "effects": [
            {
              "type": "rep_delta",
              "faction": "Quiet Ledger",
              "value": 1
            }
          ],
          "target": "starfallen_orchard_resonance_grove"
        },
        {
          "text": "(Tide-Singer+Cartographer) Chart tidal graft rotations for the sharecrop canals.",
          "condition": {
            "type": "has_tag",
            "value": [
              "Tide-Singer",
              "Cartographer"
            ]
          },
          "effects": [
            {
              "type": "set_flag",
              "flag": "orchard_tidal_schedule",
              "value": true
            }
          ],
          "target": "starfallen_orchard_tidal_channel"
        },
        {
          "text": "Gather shared fruit for the coming commons.",
          "effects": [
            {
              "type": "set_flag",
              "flag": "orchard_commons_ready",
              "value": true
            }
          ],
          "target": "starfallen_orchard_sharecrop_commons"
        }
      ]
    },
    "starfallen_orchard_harmonic_map": {
      "title": "Harmonic Mapping Glade",
      "text": "Resonance threads weave across etched root maps, projecting overlapping songlines of the orchard's harvest routes.",
      "choices": [
        {
          "text": "Anchor the harmonic overlay to guide future gleaners.",
          "effects": [
            {
              "type": "rep_delta",
              "faction": "Quiet Ledger",
              "value": 1
            },
            {
              "type": "set_flag",
              "flag": "orchard_harmonic_passage",
              "value": true
            }
          ],
          "target": "starfallen_orchard_cartography_canopy"
        },
        {
          "text": "Carry the humming map toward the sharecrop commons.",
          "target": "starfallen_orchard_sharecrop_commons"
        },
        {
          "text": "Deliver the harmonic chart to the tidal channel loom.",
          "target": "starfallen_orchard_tidal_channel"
        },
        {
          "text": "(Root-Speaker) Anchor the songlines into the meteor cradle's roots.",
          "condition": {
            "type": "has_tag",
            "value": "Root-Speaker"
          },
          "target": "starfallen_orchard_meteor_cradle"
        }
      ]
    },
    "starfallen_orchard_prism_roots": {
      "title": "Prism-Root Workshop",
      "text": "Sap conduits spiral through glass prisms, refracting memory light into roots awaiting careful tending.",
      "choices": [
        {
          "text": "Stabilize the prisms and record the procedure for the archives.",
          "effects": [
            {
              "type": "rep_delta",
              "faction": "Quiet Ledger",
              "value": 1
            },
            {
              "type": "set_flag",
              "flag": "orchard_prism_roots",
              "value": true
            }
          ],
          "target": "starfallen_orchard_glass_lattice"
        },
        {
          "text": "Channel the balanced sap toward ailing branches in the grove.",
          "effects": [
            {
              "type": "rep_delta",
              "faction": "Root Assembly",
              "value": 1
            }
          ],
          "target": "starfallen_orchard_resonance_grove"
        },
        {
          "text": "Dispatch a glass courier toward the Cloud-Burrow guest ledger.",
          "target": "cloud_burrow_guest_ledger"
        },
        {
          "text": "(Tide-Singer) Pulse the sap with tidelines toward the Amber Tides cloister.",
          "condition": {
            "type": "has_tag",
            "value": "Tide-Singer"
          },
          "target": "amber_tides_tide_cloister"
        }
      ]
    },
    "starfallen_orchard_dream_nursery": {
      "title": "Dream Nursery",
      "text": "Cocoons hang between meteor boughs while healers braid lullabies through shared dreams of future harvests.",
      "choices": [
        {
          "text": "Guide the restful dream toward the sharecrop volunteers.",
          "effects": [
            {
              "type": "rep_delta",
              "faction": "Freehands",
              "value": 1
            },
            {
              "type": "set_flag",
              "flag": "orchard_dream_tonic",
              "value": true
            }
          ],
          "target": "starfallen_orchard_sharecrop_commons"
        },
        {
          "text": "Record the tonic formula for Quiet Ledger healers.",
          "effects": [
            {
              "type": "rep_delta",
              "faction": "Quiet Ledger",
              "value": 1
            }
          ],
          "target": "starfallen_orchard_quiet_grant"
        },
        {
          "text": "Guide the rested gleaners back toward the meteor gate.",
          "target": "starfallen_orchard_meteoric_gate"
        },
        {
          "text": "(Dreamwalker) Thread the lullaby toward the Moon-Eel sanctuary.",
          "condition": {
            "type": "has_tag",
            "value": "Dreamwalker"
          },
          "target": "moon_eel_intro"
        }
      ]
    },
    "starfallen_orchard_tidal_channel": {
      "title": "Tidal Channel Loom",
      "text": "Irrigation channels shimmer with tide-memory, ready to be tuned so sharecrop fruit ripens with distant tides.",
      "choices": [
        {
          "text": "Synchronize the tidal schedule with the sharecrop commons.",
          "effects": [
            {
              "type": "rep_delta",
              "faction": "Quiet Ledger",
              "value": 1
            },
            {
              "type": "set_flag",
              "flag": "orchard_tidal_schedule",
              "value": true
            }
          ],
          "target": "starfallen_orchard_sharecrop_commons"
        },
        {
          "text": "Carry the tidal insights to the Freehands collective.",
          "target": "starfallen_orchard_freehands_collective"
        },
        {
          "text": "Carry tide readings to the Quiet Ledger grant hall.",
          "target": "starfallen_orchard_quiet_grant"
        },
        {
          "text": "(Tide-Singer) Bind a currentway toward the Amber Tides cloister.",
          "condition": {
            "type": "has_tag",
            "value": "Tide-Singer"
          },
          "target": "amber_tides_tide_cloister"
        },
        {
          "text": "Follow the meteor trail to the exit gateway.",
          "target": "orchard_exit_gateway"
        }
      ]
    },
    "starfallen_orchard_quiet_grant": {
      "title": "Quiet Ledger Grafting Grant",
      "text": "Ledger stewards tally fruit stores and allocate amber credits to sustain the commons' shared harvest.",
      "choices": [
        {
          "text": "Apply the grant to expand the sharecrop tables.",
          "effects": [
            {
              "type": "rep_delta",
              "faction": "Quiet Ledger",
              "value": 1
            },
            {
              "type": "set_flag",
              "flag": "orchard_quiet_grant",
              "value": true
            }
          ],
          "target": "starfallen_orchard_sharecrop_commons"
        },
        {
          "text": "Share a portion with the Freehands gleaner network.",
          "effects": [
            {
              "type": "rep_delta",
              "faction": "Freehands",
              "value": 1
            }
          ],
          "target": "starfallen_orchard_freehands_collective"
        },
        {
          "text": "Return to the meteor gate with updated tallies.",
          "target": "starfallen_orchard_meteoric_gate"
        },
        {
          "text": "Follow the meteor trail back toward the main expanse.",
          "target": "saltglass_expanse"
        },
        {
          "text": "Follow the meteor trail to the exit gateway.",
          "target": "orchard_exit_gateway"
        }
      ]
    },
    "starfallen_orchard_freehands_collective": {
      "title": "Freehands Gleaner Collective",
      "text": "Volunteers parcel fruit bundles and graft slips for neighboring crews, sharing stories beneath meteor-lit canopies.",
      "choices": [
        {
          "text": "Distribute the bundles across the commons.",
          "effects": [
            {
              "type": "rep_delta",
              "faction": "Freehands",
              "value": 1
            },
            {
              "type": "set_flag",
              "flag": "orchard_freehands_network",
              "value": true
            }
          ],
          "target": "starfallen_orchard_sharecrop_commons"
        },
        {
          "text": "Log the gleaners' routes for Quiet Ledger auditors.",
          "effects": [
            {
              "type": "rep_delta",
              "faction": "Quiet Ledger",
              "value": 1
            }
          ],
          "target": "starfallen_orchard_quiet_grant"
        },
        {
          "text": "Carry surplus fruit toward the tidal channel.",
          "target": "starfallen_orchard_tidal_channel"
        },
        {
          "text": "Follow the meteor trail to the exit gateway.",
          "target": "orchard_exit_gateway"
        }
      ]
    },
    "starfallen_orchard_meteor_cradle": {
      "title": "Meteor Cradle",
      "text": "At the crater's heart, meteoric stone cradles saplings whose skins shimmer with falling starlight. Warmth rolls from the pit, smelling of ozone and fresh parchment.",
      "choices": [
        {
          "text": "(Glasswright) Shape fused rind into lattice keys for the archive.",
          "condition": {
            "type": "has_tag",
            "value": "Glasswright"
          },
          "effects": [
            {
              "type": "rep_delta",
              "faction": "Quiet Ledger",
              "value": 1
            }
          ],
          "target": "starfallen_orchard_glass_lattice"
        },
        {
          "text": "(Healer) Draw the meteor warmth to ease orchardists' joints.",
          "condition": {
            "type": "has_tag",
            "value": "Healer"
          },
          "effects": [
            {
              "type": "rep_delta",
              "faction": "Root Assembly",
              "value": 1
            }
          ],
          "target": "starfallen_orchard_healer_bower"
        },
        {
          "text": "Collect fallen starfruit to feed the commons kettle.",
          "effects": [
            {
              "type": "set_flag",
              "flag": "orchard_commons_ready",
              "value": true
            }
          ],
          "target": "starfallen_orchard_sharecrop_commons"
        },
        {
          "text": "Circle back toward the meteoric gate.",
          "target": "starfallen_orchard_meteoric_gate"
        }
      ]
    },
    "starfallen_orchard_resonance_grove": {
      "title": "Resonance Grove",
      "text": "Suspended chimes and taut vines resonate with distant thunder, carrying the grove's memory-song. Orchardists rest beneath the hum, cupping fruit to catch each echo.",
      "choices": [
        {
          "text": "(Resonant) Thread your chord through the grove's chorus.",
          "condition": {
            "type": "has_tag",
            "value": "Resonant"
          },
          "effects": [
            {
              "type": "rep_delta",
              "faction": "Quiet Ledger",
              "value": 1
            }
          ],
          "target": "starfallen_orchard_story_graft"
        },
        {
          "text": "(Healer) Sync breath with the tenders to steady their pulse.",
          "condition": {
            "type": "has_tag",
            "value": "Healer"
          },
          "effects": [
            {
              "type": "hp_delta",
              "value": 1
            }
          ],
          "target": "starfallen_orchard_healer_bower"
        },
        {
          "text": "Carry the bottled chord toward the sharecrop fire.",
          "effects": [
            {
              "type": "set_flag",
              "flag": "orchard_commons_ready",
              "value": true
            }
          ],
          "target": "starfallen_orchard_sharecrop_commons"
        },
        {
          "text": "Slip back through the listening rows.",
          "target": "starfallen_orchard_memory_rows"
        }
      ]
    },
    "starfallen_orchard_cartography_canopy": {
      "title": "Cartography Canopy",
      "text": "A lattice of ladders and meteor glass platforms reveals the grove's constellated rows. From here the orchard unfurls like a star map anchored in soil.",
      "choices": [
        {
          "text": "(Cartographer) Chart the shifting root constellations for the ledgers.",
          "condition": {
            "type": "has_tag",
            "value": "Cartographer"
          },
          "effects": [
            {
              "type": "rep_delta",
              "faction": "Quiet Ledger",
              "value": 1
            }
          ],
          "target": "starfallen_orchard_story_graft"
        },
        {
          "text": "(Glasswright) Embed prisms to catch new paths of light.",
          "condition": {
            "type": "has_tag",
            "value": "Glasswright"
          },
          "effects": [
            {
              "type": "rep_delta",
              "faction": "Prism Cartel",
              "value": 1
            }
          ],
          "target": "starfallen_orchard_glass_lattice"
        },
        {
          "text": "Signal your findings down to the commons crew.",
          "effects": [
            {
              "type": "set_flag",
              "flag": "orchard_commons_ready",
              "value": true
            }
          ],
          "target": "starfallen_orchard_sharecrop_commons"
        },
        {
          "text": "Descend to the meteoric gate.",
          "target": "starfallen_orchard_meteoric_gate"
        }
      ]
    },
    "starfallen_orchard_healer_bower": {
      "title": "Healer's Bower",
      "text": "Curtains of woven vine enclose tables of infusions where orchardists trade breath and pulse. Meteor-steamed basins glow softly, ready to ease overworked hands.",
      "choices": [
        {
          "text": "(Healer) Distill balm that keeps grafts from scarring.",
          "condition": {
            "type": "has_tag",
            "value": "Healer"
          },
          "effects": [
            {
              "type": "rep_delta",
              "faction": "Root Assembly",
              "value": 1
            }
          ],
          "target": "starfallen_orchard_story_graft"
        },
        {
          "text": "(Resonant) Hum counterpoints to soothe the resting archivists.",
          "condition": {
            "type": "has_tag",
            "value": "Resonant"
          },
          "effects": [
            {
              "type": "rep_delta",
              "faction": "Quiet Ledger",
              "value": 1
            }
          ],
          "target": "starfallen_orchard_resonance_grove"
        },
        {
          "text": "Take a restorative draught and rejoin the rows.",
          "effects": [
            {
              "type": "hp_delta",
              "value": 1
            }
          ],
          "target": "starfallen_orchard_memory_rows"
        },
        {
          "text": "Deliver cooled balms to the sharecrop table.",
          "effects": [
            {
              "type": "set_flag",
              "flag": "orchard_commons_ready",
              "value": true
            }
          ],
          "target": "starfallen_orchard_sharecrop_commons"
        }
      ]
    },
    "starfallen_orchard_glass_lattice": {
      "title": "Glass Lattice Loom",
      "text": "Glass threads stretch between meteor stakes, each strand shimmering with captured recollections. Apprentices etch glyphs into the lattice to guide future harvests.",
      "choices": [
        {
          "text": "(Glasswright) Tune the capillaries so memories flow evenly.",
          "condition": {
            "type": "has_tag",
            "value": "Glasswright"
          },
          "effects": [
            {
              "type": "rep_delta",
              "faction": "Quiet Ledger",
              "value": 1
            }
          ],
          "target": "starfallen_orchard_story_graft"
        },
        {
          "text": "(Cartographer) Weave a star-path into the lattice for future pickers.",
          "condition": {
            "type": "has_tag",
            "value": "Cartographer"
          },
          "effects": [
            {
              "type": "set_flag",
              "flag": "orchard_map_shared",
              "value": true
            }
          ],
          "target": "starfallen_orchard_cartography_canopy"
        },
        {
          "text": "Archive a gleaming story for the commons jars.",
          "effects": [
            {
              "type": "set_flag",
              "flag": "orchard_commons_ready",
              "value": true
            }
          ],
          "target": "starfallen_orchard_sharecrop_commons"
        },
        {
          "text": "Follow cooling troughs back to the meteor cradle.",
          "target": "starfallen_orchard_meteor_cradle"
        }
      ]
    },
    "starfallen_orchard_story_graft": {
      "title": "Story-Graft Arbor",
      "text": "A living arbor waits with a hollow branch, ready to accept a sliver of your true name. Orchard keepers steady the grafting knives, eyes bright with the promise of shared memory.",
      "choices": [
        {
          "text": "Plant a graft bearing your true name and share its charge.",
          "condition": {
            "type": "flag_eq",
            "flag": "story_graft_taken",
            "value": false
          },
          "effects": [
            {
              "type": "add_trait",
              "value": "Story-Graft"
            },
            {
              "type": "add_item",
              "value": "story_graft_charge"
            },
            {
              "type": "set_flag",
              "flag": "story_graft_taken",
              "value": true
            },
            {
              "type": "set_flag",
              "flag": "story_graft_borrowed",
              "value": false
            },
            {
              "type": "set_flag",
              "flag": "orchard_true_name_planted",
              "value": true
            },
            {
              "type": "unlock_start",
              "value": "orchard_keeper_hut"
            },
            {
              "type": "rep_delta",
              "faction": "Quiet Ledger",
              "value": 1
            }
          ],
          "target": "starfallen_orchard_graft_recovery"
        },
        {
          "text": "Trace the new graft's pulse and promise to return.",
          "condition": {
            "type": "flag_eq",
            "flag": "story_graft_taken",
            "value": true
          },
          "target": "starfallen_orchard_memory_rows"
        },
        {
          "text": "Step away before the branch can claim you.",
          "target": "starfallen_orchard_memory_rows"
        }
      ]
    },
    "starfallen_orchard_graft_recovery": {
      "title": "Graft Recovery Alcove",
      "text": "Lanternfruit dim to a gentle glow as keepers bandage your new graft, weaving its pulse into yours. Cooling vapors and annotated ledgers surround a circle of resting orchardists.",
      "choices": [
        {
          "text": "(Story-Graft) Spend your graft charge to borrow a memory about the commons steward.",
          "condition": [
            {
              "type": "has_trait",
              "value": "Story-Graft"
            },
            {
              "type": "has_item",
              "value": "story_graft_charge"
            },
            {
              "type": "flag_eq",
              "flag": "story_graft_borrowed",
              "value": false
            }
          ],
          "effects": [
            {
              "type": "remove_item",
              "value": "story_graft_charge"
            },
            {
              "type": "set_flag",
              "flag": "story_graft_borrowed",
              "value": true
            },
            {
              "type": "rep_delta",
              "faction": "Quiet Ledger",
              "value": 1
            }
          ],
          "target": "starfallen_orchard_sharecrop_commons"
        },
        {
          "text": "(Cartographer) Compare your new graft lines with the grove's star-map.",
          "condition": {
            "type": "has_tag",
            "value": "Cartographer"
          },
          "effects": [
            {
              "type": "set_flag",
              "flag": "orchard_map_shared",
              "value": true
            }
          ],
          "target": "starfallen_orchard_cartography_canopy"
        },
        {
          "text": "(Healer) Check the graft for safe circulation.",
          "condition": {
            "type": "has_tag",
            "value": "Healer"
          },
          "effects": [
            {
              "type": "hp_delta",
              "value": 1
            }
          ],
          "target": "starfallen_orchard_healer_bower"
        },
        {
          "text": "Carry your renewed resolve to the commons.",
          "target": "starfallen_orchard_sharecrop_commons"
        }
      ]
    },
    "starfallen_orchard_sharecrop_commons": {
      "title": "Sharecrop Commons",
      "text": "A ring of tables laden with memory fruit forms the Sharecrop, each offering labeled for public use. Neighbors and travelers arrive in turn, ready to plant and borrow stories in trust.",
      "choices": [
        {
          "text": "Contribute your gathered fruit to inaugurate the commons.",
          "effects": [
            {
              "type": "set_flag",
              "flag": "orchard_commons_ready",
              "value": true
            }
          ],
          "target": "ending_sharecrop_of_stories"
        },
        {
          "text": "(Resonant) Lead a broadcast so every graft echoes the invitation.",
          "condition": {
            "type": "has_tag",
            "value": "Resonant"
          },
          "effects": [
            {
              "type": "rep_delta",
              "faction": "Quiet Ledger",
              "value": 1
            }
          ],
          "target": "ending_sharecrop_of_stories"
        },
        {
          "text": "(Cartographer) Plot rotation schedules to keep the commons balanced.",
          "condition": {
            "type": "has_tag",
            "value": "Cartographer"
          },
          "effects": [
            {
              "type": "rep_delta",
              "faction": "Root Assembly",
              "value": 1
            }
          ],
          "target": "ending_sharecrop_of_stories"
        },
        {
          "text": "(Quiet Ledger 1+) Dedicate ledger grants to expand the sharecrop stores.",
          "condition": {
            "type": "rep_at_least",
            "faction": "Quiet Ledger",
            "value": 1
          },
          "effects": [
            {
              "type": "set_flag",
              "flag": "orchard_quiet_grant",
              "value": true
            }
          ],
          "target": "starfallen_orchard_quiet_grant"
        },
        {
          "text": "(Freehands 1+) Organize a gleaner network to share fruit with distant crews.",
          "condition": {
            "type": "rep_at_least",
            "faction": "Freehands",
            "value": 1
          },
          "effects": [
            {
              "type": "set_flag",
              "flag": "orchard_freehands_network",
              "value": true
            }
          ],
          "target": "starfallen_orchard_freehands_collective"
        },
        {
          "text": "Slip away toward the saltglass expanse with new recollections.",
          "target": "saltglass_expanse"
        },
        {
          "text": "Dedicate the memory harvest to the Orchard Accord infrastructure and oversee it.",
          "condition": [
            {
              "type": "flag_eq",
              "flag": "orchard_commons_ready",
              "value": true
            },
            {
              "type": "flag_eq",
              "flag": "orchard_prism_roots",
              "value": true
            }
          ],
          "effects": [
            {
              "type": "end_game",
              "value": "The Orchard Accord"
            }
          ],
          "target": "ending_orchard_accord"
        }
      ]
    }
  },
  "starts": []
}
