{
  "_module_info": {
    "id": "storm_rail",
    "name": "Storm Rail Network",
    "description": "Content module for storm_rail area",
    "dependencies": [],
    "tags": [
      "Storm-Conductor"
    ],
    "factions": [],
    "node_count": 1,
    "start_count": 1
  },
  "nodes": {
    "storm_rail_intro": {
      "title": "Storm Rail Mooring",
      "text": "Wind-rail moorings straddle a canyon mouth, each rail humming with charged gusts. Aeol riggers trade gust scripts while Freehands couriers lash down cargo.",
      "choices": [
        {
          "text": "Ride the wind-rail down to the Sky-Spliced Docks.",
          "target": "sky_docks"
        },
        {
          "text": "Follow the compass line back to the Startways Nexus.",
          "target": "startways_nexus"
        },
        {
          "text": "Chart a supply glide toward the Saltglass Expanse.",
          "target": "saltglass_expanse"
        },
        {
          "text": "(Storm-Conductor) Lash the charged winds into a drop toward the Cloud-Burrow threshold.",
          "condition": {
            "type": "has_tag",
            "value": "Storm-Conductor"
          },
          "target": "cloud_burrow_threshold"
        }
      ]
    }
  },
  "starts": [
    {
      "id": "storm_rail",
      "title": "Storm Rail Mooring",
      "locked_title": "Storm Rail Mooring (Locked)",
      "node": "storm_rail_intro",
      "tags": [
        "Cartographer",
        "Resonant"
      ],
      "locked": true,
      "blurb": "Ride storm-rails across canyon gustways. Bold maneuvers and Aeol ties cut new lanes."
    }
  ]
}
