{
  "_module_info": {
    "id": "technical",
    "name": "Technical",
    "description": "Content module for technical area",
    "dependencies": [],
    "tags": [],
    "factions": [],
    "node_count": 1,
    "start_count": 0
  },
  "nodes": {
    "technical_analysis": {
      "title": "System Diagnostics",
      "description": "In the navigation center, Chief Technician Zara shows you the resonance patterns: 'Look at these frequency spikes - they're not natural harmonic progression. Someone is broadcasting interference signals directly into the Depths. The pattern suggests they know our navigation algorithms intimately. This is sabotage by someone with inside knowledge.'",
      "tags": [
        "Exploration",
        "Technical"
      ],
      "choices": [
        {
          "text": "'Can we trace the source of these interference signals?'",
          "target": "track_sabotage"
        },
        {
          "text": "'Who has access to our navigation algorithms?'",
          "target": "investigate_inside_threats"
        },
        {
          "text": "'Can we develop countermeasures to block the interference?'",
          "target": "develop_countermeasures"
        },
        {
          "text": "'This sabotage connects to other crisis reports.'",
          "target": "startways_nexus"
        }
      ]
    }
  },
  "starts": []
}
