{
  "_module_info": {
    "id": "temporal_garden",
    "name": "Temporal Gardens",
    "description": "Content module for temporal_garden area",
    "dependencies": [],
    "tags": [],
    "factions": [],
    "node_count": 1,
    "start_count": 1
  },
  "nodes": {
    "temporal_gardens_chronos_gate": {
      "id": "temporal_gardens_chronos_gate",
      "title": "Temporal Gardens Chronos Gate",
      "text": "[This is an auto-generated placeholder for the missing 'temporal_gardens_chronos_gate' location.] This location exists in the story but its content hasn't been written yet.",
      "choices": [
        {
          "text": "Continue the story (return to a safe location)",
          "target": "tutorial_arrival_beach"
        }
      ],
      "_auto_generated": true,
      "_generation_reason": "Missing node referenced by: Start 'temporal_garden_keeper'"
    }
  },
  "starts": [
    {
      "id": "temporal_garden_keeper",
      "title": "Temporal Garden Keeper",
      "locked_title": "Temporal Garden Keeper (Locked)",
      "node": "temporal_gardens_chronos_gate",
      "tags": [
        "Time-Keeper",
        "Resonant"
      ],
      "locked": true,
      "blurb": "Tend plants that bloom across multiple time streams simultaneously. Balance past, present, and future growth cycles."
    }
  ]
}
