{
  "_module_info": {
    "id": "track",
    "name": "Track",
    "description": "Content module for track area",
    "dependencies": [],
    "tags": [],
    "factions": [],
    "node_count": 1,
    "start_count": 0
  },
  "nodes": {
    "track_sabotage": {
      "title": "Following the Trail",
      "description": "Chief Engineer Maya guides you through the failure reports: 'The pattern is methodical - they hit redundant systems first, then primary lines. Whoever's doing this understands our network better than most of our own engineers. But they made one mistake - the sabotage devices left electromagnetic signatures. I can trace them back to their source.'",
      "tags": [
        "Infrastructure",
        "Investigation"
      ],
      "choices": [
        {
          "text": "'Show me these signatures - let's track them down.'",
          "target": "locate_sabotage_source"
        },
        {
          "text": "'Who has the expertise to plan attacks like this?'",
          "target": "investigate_inside_threats"
        },
        {
          "text": "'This level of knowledge suggests inside help.'",
          "target": "uncover_cartel_conspiracy"
        },
        {
          "text": "'Let me coordinate with other crisis response teams first.'",
          "target": "startways_nexus"
        }
      ]
    }
  },
  "starts": []
}
