{
  "_module_info": {
    "id": "triage",
    "name": "Triage",
    "description": "Content module for triage area",
    "dependencies": [],
    "tags": [],
    "factions": [],
    "node_count": 1,
    "start_count": 0
  },
  "nodes": {
    "triage_infrastructure": {
      "title": "Priority Systems",
      "description": "The emergency council maps out critical infrastructure: 'Medical facilities, food distribution, communication networks, and transport hubs get priority power,' Maya decides. 'Everything else goes on rolling schedules. It's not fair, but it keeps the archipelago functioning. The question is - what if they target our priority systems next?'",
      "tags": [
        "Infrastructure",
        "Management",
        "Strategy"
      ],
      "choices": [
        {
          "text": "'We need maximum security around priority systems.'",
          "target": "defensive_measures"
        },
        {
          "text": "'Can we create decoy priority targets to confuse saboteurs?'",
          "target": "prepare_counterstrike"
        },
        {
          "text": "'This triage approach might help other crisis response teams.'",
          "target": "coordinate_crisis_response"
        },
        {
          "text": "'I should report these vulnerabilities to central command.'",
          "target": "startways_nexus"
        }
      ]
    }
  },
  "starts": []
}
