{
  "_module_info": {
    "id": "uncover",
    "name": "Uncover",
    "description": "Content module for uncover area",
    "dependencies": [],
    "tags": [],
    "factions": [],
    "node_count": 2,
    "start_count": 0
  },
  "nodes": {
    "uncover_cartel_conspiracy": {
      "title": "The Conspiracy Unveiled",
      "description": "The aide's voice drops to a whisper: 'The Cartel wasn't acting alone. Behind their proposal was a shadow organization trying to destabilize our entire legal system. The delegates found communications showing this group has been orchestrating the transport failures, trade disruptions, and harmonic disturbances. They're trying to collapse the archipelago so they can seize control!'",
      "tags": [
        "Political",
        "Investigation",
        "Conspiracy"
      ],
      "choices": [
        {
          "text": "'How deep does this conspiracy go?'",
          "target": "analyze_delegate_notes"
        },
        {
          "text": "'I need to see that evidence immediately.'",
          "target": "analyze_delegate_notes"
        },
        {
          "text": "'We need to coordinate with the other crisis response teams.'",
          "target": "startways_nexus"
        },
        {
          "text": "'This is bigger than just politics - I need to warn everyone!'",
          "target": "startways_nexus"
        }
      ]
    },
    "uncover_delegate_escape": {
      "id": "uncover_delegate_escape",
      "title": "Uncover Delegate Escape",
      "text": "[This is an auto-generated placeholder for the missing 'uncover_delegate_escape' location.] This location exists in the story but its content hasn't been written yet.",
      "choices": [
        {
          "text": "Continue the story (return to a safe location)",
          "target": "tutorial_arrival_beach"
        }
      ],
      "_auto_generated": true,
      "_generation_reason": "Missing node referenced by: Node 'rescue_trapped_entity' choice 2"
    }
  },
  "starts": []
}
