{
  "_module_info": {
    "id": "underground",
    "name": "Underground",
    "description": "Content module for underground area",
    "dependencies": [],
    "tags": [],
    "factions": [],
    "node_count": 1,
    "start_count": 0
  },
  "nodes": {
    "underground_canal_junction": {
      "title": "Underground Canal Junction",
      "text": "The glowing canal opens into a junction where several waterways converge. Ancient carved symbols mark passages leading in different directions, while bioluminescent organisms provide gentle illumination throughout the network.\n\nThis seems to be a major transit hub for the underground systems, with currents flowing toward different parts of the archipelago.",
      "choices": [
        {
          "text": "Follow the canal toward the Root Assembly territories.",
          "target": "root_tangle_market"
        },
        {
          "text": "Take the passage that leads toward the surface docks.",
          "target": "sky_docks"
        },
        {
          "text": "Explore the passage marked with crystal symbols.",
          "target": "crystalline_reaches_edge"
        },
        {
          "text": "Return to the Luminous Grotto.",
          "target": "luminous_grotto"
        }
      ]
    }
  },
  "starts": []
}
