{
  "_module_info": {
    "id": "void_reaches",
    "name": "Void Reaches",
    "description": "Content module for void_reaches area",
    "dependencies": [],
    "tags": [],
    "factions": [],
    "node_count": 1,
    "start_count": 1
  },
  "nodes": {
    "void_reaches_beacon_station": {
      "id": "void_reaches_beacon_station",
      "title": "Void Reaches Beacon Station",
      "text": "[This is an auto-generated placeholder for the missing 'void_reaches_beacon_station' location.] This location exists in the story but its content hasn't been written yet.",
      "choices": [
        {
          "text": "Continue the story (return to a safe location)",
          "target": "tutorial_arrival_beach"
        }
      ],
      "_auto_generated": true,
      "_generation_reason": "Missing node referenced by: Start 'void_beacon_keeper'"
    }
  },
  "starts": [
    {
      "id": "void_beacon_keeper",
      "title": "Void Beacon Keeper",
      "locked_title": "Void Beacon Keeper (Locked)",
      "node": "void_reaches_beacon_station",
      "tags": [
        "Void-Touched",
        "Lumenar"
      ],
      "locked": true,
      "blurb": "Maintain lighthouse beacons at the edge of reality where stars whisper secrets. Guide void-ships through dimensional currents."
    }
  ]
}
